     1                                  ; ===================================================================
     2                                  ;  MINESWEEPER  (NASM / DOS .COM / VGA mode 13h / INT 33h mouse)
     3                                  ;
     4                                  ;  Build : nasm -f bin main.asm -o main.com     (or: build.bat)
     5                                  ;  Run   : in DOSBox ->  main.com   (click inside the window so the
     6                                  ;          mouse is captured)
     7                                  ;
     8                                  ;  Left click  : open tile          Right click : place / remove flag
     9                                  ;  Click face  : new game           R : new game        ESC : quit
    10                                  ;  M           : music on/off (PC speaker)
    11                                  ;
    12                                  ;  This file is only the include manifest.  The code lives in src/,
    13                                  ;  included below in the order the modules are laid out in the .COM
    14                                  ;  image, so keeping this list in order matters.
    15                                  ; ===================================================================
    16                                  bits 16
    17                                  org 100h
    18                                  
    19                                  GRID_COLS   equ 9
    20                                  GRID_ROWS   equ 9
    21                                  TOTAL_MINES equ 10
    22                                  CELLS       equ GRID_COLS*GRID_ROWS
    23                                  START_X     equ 88
    24                                  START_Y     equ 45
    25                                  
    26                                  %include "src/macros.inc"       ; HIDEM/SHOWM/BEVEL/TXT macros
     1                              <1> ; -------------------------------------------------------------------
     2                              <1> ; Macros
     3                              <1> ; -------------------------------------------------------------------
     4                              <1> %macro HIDEM 0
     5                              <1>     mov ax,2
     6                              <1>     int 33h
     7                              <1> %endmacro
     8                              <1> 
     9                              <1> %macro SHOWM 0
    10                              <1>     mov ax,1
    11                              <1>     int 33h
    12                              <1> %endmacro
    13                              <1> 
    14                              <1> ; BEVEL raised(1)/sunken(0), x, y, w, h, faceColour
    15                              <1> %macro BEVEL 6
    16                              <1>     mov byte [BevFace],%6
    17                              <1>   %if %1
    18                              <1>     mov byte [BevTL],15
    19                              <1>     mov byte [BevBR],8
    20                              <1>   %else
    21                              <1>     mov byte [BevTL],8
    22                              <1>     mov byte [BevBR],15
    23                              <1>   %endif
    24                              <1>     mov ax,%2
    25                              <1>     mov bx,%3
    26                              <1>     mov cx,%4
    27                              <1>     mov dx,%5
    28                              <1>     call DrawBevel
    29                              <1> %endmacro
    30                              <1> 
    31                              <1> ; TXT row, col, colour, 'string'
    32                              <1> %macro TXT 4
    33                              <1>     jmp short %%skip
    34                              <1> %%str: db %4,0
    35                              <1> %%skip:
    36                              <1>     mov dh,%1
    37                              <1>     mov dl,%2
    38                              <1>     mov bl,%3
    39                              <1>     mov si,%%str
    40                              <1>     call PrintAt
    41                              <1> %endmacro
    27                                  
    28                                  ; --- code ----------------------------------------------------------
    29                                  ; Boot flow: start (text mode) -> MainMenu (intro, credits, gamemode
    30                                  ; submenu) -> VGA mode 13h -> game loop.  ESC in game returns to the
    31                                  ; menu; leaving via menu option [3] is the only DOS exit.
    32                                  %include "src/entry.asm"        ; start, main loop, keys, restart
     1                              <1> ; -------------------------------------------------------------------
     2                              <1> ; Program start
     3                              <1> ; -------------------------------------------------------------------
     4                              <1> start:
     5 00000000 FC                  <1>     cld
     6 00000001 B80300              <1>     mov ax,0003h                ; 80x25 text: intro + main menu
     7 00000004 CD10                <1>     int 10h
     8 00000006 E8D506              <1>     call MainMenu               ; sets [CurrentMode]; Exit never returns
     9 00000009 B81300              <1>     mov ax,0013h                ; VGA mode 13h for the game
    10 0000000C CD10                <1>     int 10h
    11 0000000E E8AB13              <1>     call SetPalette
    12                              <1> 
    13 00000011 31C0                <1>     xor ax,ax                   ; reset mouse driver (cursor hidden)
    14 00000013 CD33                <1>     int 33h
    15 00000015 B80700              <1>     mov ax,7                    ; X range 0..639
    16 00000018 31C9                <1>     xor cx,cx
    17 0000001A BA7F02              <1>     mov dx,639
    18 0000001D CD33                <1>     int 33h
    19 0000001F B80800              <1>     mov ax,8                    ; Y range 0..199
    20 00000022 31C9                <1>     xor cx,cx
    21 00000024 BAC700              <1>     mov dx,199
    22 00000027 CD33                <1>     int 33h
    23                              <1> 
    24 00000029 E8D213              <1>     call NewGame
    25 0000002C E82A1A              <1>     call DrawStatic
    26 0000002F E83D1C              <1>     call Redraw
    27                              <1>     SHOWM
    10 00000032 B80100              <2>  mov ax,1
    11 00000035 CD33                <2>  int 33h
    28                              <1> 
    29                              <1> GameLoop:
    30 00000037 E8FA15              <1>     call UpdateTimer
    31                              <1> 
    32 0000003A B401                <1>     mov ah,01h                  ; key waiting?
    33 0000003C CD16                <1>     int 16h
    34 0000003E 752B                <1>     jnz KeyPressed
    35                              <1> 
    36 00000040 B80300              <1>     mov ax,0003h                ; poll mouse
    37 00000043 CD33                <1>     int 33h
    38 00000045 80E303              <1>     and bl,3
    39 00000048 741A                <1>     jz .released
    40 0000004A 803E[DA23]00        <1>     cmp byte [PrevMouse],0
    41 0000004F 75E6                <1>     jne GameLoop                ; still holding: ignore until released
    42 00000051 881E[DA23]          <1>     mov [PrevMouse],bl
    43 00000055 D1E9                <1>     shr cx,1                    ; 0..639 -> 0..319
    44 00000057 890E[D623]          <1>     mov [MouseX],cx
    45 0000005B 8916[D823]          <1>     mov [MouseY],dx
    46 0000005F E86917              <1>     call HandleClick
    47 00000062 EBD3                <1>     jmp GameLoop
    48                              <1> .released:
    49 00000064 C606[DA23]00        <1>     mov byte [PrevMouse],0
    50 00000069 EBCC                <1>     jmp GameLoop
    51                              <1> 
    52                              <1> KeyPressed:
    53 0000006B B400                <1>     mov ah,00h
    54 0000006D CD16                <1>     int 16h
    55 0000006F 3C1B                <1>     cmp al,27                   ; ESC
    56 00000071 743F                <1>     je ExitGame
    57 00000073 0C20                <1>     or al,20h                   ; to lower case
    58 00000075 3C6D                <1>     cmp al,'m'
    59 00000077 7434                <1>     je .mute
    60 00000079 3C72                <1>     cmp al,'r'
    61 0000007B 7505                <1>     jne .chkScan
    62 0000007D E83D00              <1>     call DoRestart
    63 00000080 EBB5                <1>     jmp GameLoop
    64                              <1> .chkScan:
    65 00000082 3C73                <1>     cmp al,'s'                  ; mage: arm / disarm the 3x3 scanner
    66 00000084 75B1                <1>     jne GameLoop
    67 00000086 803E[3A24]02        <1>     cmp byte [SelectedClass],2
    68 0000008B 75AA                <1>     jne GameLoop
    69 0000008D 803E[3C24]00        <1>     cmp byte [MageScans],0
    70 00000092 750F                <1>     jne .scanOk
    71 00000094 C606[3E24]03        <1>     mov byte [KitMsgN],3        ; no charges: say so briefly
    72 00000099 C606[3F24]24        <1>     mov byte [KitMsgT],36
    73 0000009E E8CE1B              <1>     call Redraw
    74 000000A1 EB94                <1>     jmp GameLoop
    75                              <1> .scanOk:
    76 000000A3 8036[3D24]01        <1>     xor byte [ScanArmed],1
    77 000000A8 E8C41B              <1>     call Redraw                 ; status flips to ARMED! / SCAN RDY
    78 000000AB EB8A                <1>     jmp GameLoop
    79                              <1> .mute:
    80 000000AD E8DC16              <1>     call ToggleMusic
    81 000000B0 EB85                <1>     jmp GameLoop
    82                              <1> 
    83                              <1> ExitGame:
    84 000000B2 E80F17              <1>     call SpeakerOff
    85 000000B5 B80300              <1>     mov ax,0003h
    86 000000B8 CD10                <1>     int 10h
    87 000000BA E943FF              <1>     jmp start                   ; back to the main menu
    88                              <1> 
    89                              <1> DoRestart:
    90 000000BD E83E13              <1>     call NewGame
    91 000000C0 E8AC1B              <1>     call Redraw
    92 000000C3 C3                  <1>     ret
    33                                  %include "src/menu.asm"         ; text-mode intro, main menu, mode submenu
     1                              <1> ; -------------------------------------------------------------------
     2                              <1> ; Text-mode front end (80x25) - v3 menu UI
     3                              <1> ;   * big block-letter MINESWEEPER logo, ice-white to steel-blue + shadow
     4                              <1> ;   * dimmed minefield backdrop so menu details stand out
     5                              <1> ;   * steel-blue pinstripes framing the black masthead / stage
     6                              <1> ;   * one data-driven menu engine (RunMenu) used by main/mode/class
     7                              <1> ;   * arrow keys / W,S + Enter, number hotkeys, Esc = back
     8                              <1> ;   * highlight bar, per-item description line, locked-item styling
     9                              <1> ;   * everything drawn straight into video RAM (B800h): no flicker
    10                              <1> ; [CurrentMode] values unchanged (0 vanilla, 1 endless, 2 rapid).
    11                              <1> ; Only background colours 0-7 are used, so the BIOS blink bit is
    12                              <1> ; never an issue.
    13                              <1> ; -------------------------------------------------------------------
    14                              <1> 
    15                              <1> PC          equ 15              ; panel left column (panel is 50 wide, centred)
    16                              <1> RBN         equ 12              ; entries in the rainbow palette
    17                              <1> 
    18                              <1> ; --- low-level helpers ----------------------------------------------
    19                              <1> 
    20                              <1> ; ClearScr: fresh 80x25 mode, cleared to blue/white chrome
    21                              <1> ClearScr:
    22 000000C4 60                  <1>     pusha
    23 000000C5 B80300              <1>     mov ax,0003h
    24 000000C8 CD10                <1>     int 10h
    25 000000CA B80006              <1>     mov ax,0600h
    26 000000CD B71F                <1>     mov bh,1Fh
    27 000000CF B90000              <1>     mov cx,0000h
    28 000000D2 BA4F18              <1>     mov dx,184Fh
    29 000000D5 CD10                <1>     int 10h
    30 000000D7 B402                <1>     mov ah,02h
    31 000000D9 B700                <1>     mov bh,0
    32 000000DB 31D2                <1>     xor dx,dx
    33 000000DD CD10                <1>     int 10h
    34 000000DF 61                  <1>     popa
    35 000000E0 C3                  <1>     ret
    36                              <1> 
    37                              <1> ; ClearFast: clear to blue/white WITHOUT a mode reset (no flicker)
    38                              <1> ClearFast:
    39 000000E1 60                  <1>     pusha
    40 000000E2 B80006              <1>     mov ax,0600h
    41 000000E5 B71F                <1>     mov bh,1Fh
    42 000000E7 31C9                <1>     xor cx,cx
    43 000000E9 BA4F18              <1>     mov dx,184Fh
    44 000000EC CD10                <1>     int 10h
    45 000000EE 61                  <1>     popa
    46 000000EF C3                  <1>     ret
    47                              <1> 
    48                              <1> ; Band: fill rows CH..DH with attribute BH
    49                              <1> Band:
    50 000000F0 60                  <1>     pusha
    51 000000F1 B80006              <1>     mov ax,0600h
    52 000000F4 B100                <1>     mov cl,0
    53 000000F6 B24F                <1>     mov dl,79
    54 000000F8 CD10                <1>     int 10h
    55 000000FA 61                  <1>     popa
    56 000000FB C3                  <1>     ret
    57                              <1> 
    58                              <1> ; PaintBG: minefield backdrop on rows CH..DH.  Six pattern rows repeat;
    59                              <1> ; BgCell turns pattern characters into coloured screen cells.
    60                              <1> PaintBG:
    61 000000FC 60                  <1>     pusha
    62 000000FD 06                  <1>     push es
    63 000000FE B800B8              <1>     mov ax,0B800h
    64 00000101 8EC0                <1>     mov es,ax
    65 00000103 FC                  <1>     cld
    66 00000104 88F3                <1>     mov bl,dh                   ; last row
    67                              <1> .row:
    68 00000106 88E8                <1>     mov al,ch                   ; pattern = bg_rows[row mod 6]
    69 00000108 30E4                <1>     xor ah,ah
    70 0000010A B206                <1>     mov dl,6
    71 0000010C F6F2                <1>     div dl
    72 0000010E 88E0                <1>     mov al,ah
    73 00000110 30E4                <1>     xor ah,ah
    74 00000112 D1E0                <1>     shl ax,1
    75 00000114 89C6                <1>     mov si,ax
    76 00000116 8BB4[B00B]          <1>     mov si,[bg_rows+si]
    77 0000011A B050                <1>     mov al,80                   ; DI = row * 160
    78 0000011C F6E5                <1>     mul ch
    79 0000011E D1E0                <1>     shl ax,1
    80 00000120 89C7                <1>     mov di,ax
    81 00000122 B650                <1>     mov dh,80
    82                              <1> .cell:
    83 00000124 AC                  <1>     lodsb
    84 00000125 08C0                <1>     or al,al
    85 00000127 740A                <1>     jz .fill
    86 00000129 E81800              <1>     call BgCell
    87 0000012C AB                  <1>     stosw
    88 0000012D FECE                <1>     dec dh
    89 0000012F 75F3                <1>     jnz .cell
    90 00000131 EB08                <1>     jmp .next
    91                              <1> .fill:
    92 00000133 B82011              <1>     mov ax,1120h                ; pattern ended early: plain blue
    93                              <1> .f:
    94 00000136 AB                  <1>     stosw
    95 00000137 FECE                <1>     dec dh
    96 00000139 75FB                <1>     jnz .f
    97                              <1> .next:
    98 0000013B FEC5                <1>     inc ch
    99 0000013D 38DD                <1>     cmp ch,bl
   100 0000013F 76C5                <1>     jbe .row
   101 00000141 07                  <1>     pop es
   102 00000142 61                  <1>     popa
   103 00000143 C3                  <1>     ret
   104                              <1> 
   105                              <1> ; BgCell: AL = pattern char -> AL = screen char, AH = attribute
   106                              <1> ;   '.' dot   '*' mine   '^' flag   '1'..'8' classic number colours
   107                              <1> BgCell:
   108 00000144 3C2E                <1>     cmp al,'.'
   109 00000146 7504                <1>     jne .n1
   110 00000148 B8FA10              <1>     mov ax,10FAh                ; black-on-blue dot (dim)
   111 0000014B C3                  <1>     ret
   112                              <1> .n1:
   113 0000014C 3C2A                <1>     cmp al,'*'
   114 0000014E 7504                <1>     jne .n2
   115 00000150 B80F18              <1>     mov ax,180Fh                ; dim grey mine
   116 00000153 C3                  <1>     ret
   117                              <1> .n2:
   118 00000154 3C5E                <1>     cmp al,'^'
   119 00000156 7504                <1>     jne .n3
   120 00000158 B81E19              <1>     mov ax,191Eh                ; dim blue flag
   121 0000015B C3                  <1>     ret
   122                              <1> .n3:
   123 0000015C 3C31                <1>     cmp al,'1'
   124 0000015E 7212                <1>     jb .sp
   125 00000160 3C38                <1>     cmp al,'8'
   126 00000162 770E                <1>     ja .sp
   127 00000164 53                  <1>     push bx
   128 00000165 88C3                <1>     mov bl,al
   129 00000167 80EB31              <1>     sub bl,'1'
   130 0000016A 30FF                <1>     xor bh,bh
   131 0000016C 8AA7[1408]          <1>     mov ah,[nr_bg+bx]
   132 00000170 5B                  <1>     pop bx
   133 00000171 C3                  <1>     ret
   134                              <1> .sp:
   135 00000172 B82011              <1>     mov ax,1120h
   136 00000175 C3                  <1>     ret
   137                              <1> 
   138                              <1> ; Rainbow: row DH, AL = char; 80 cells cycling through rb_tab (bg black)
   139                              <1> Rainbow:
   140 00000176 60                  <1>     pusha
   141 00000177 06                  <1>     push es
   142 00000178 BB00B8              <1>     mov bx,0B800h
   143 0000017B 8EC3                <1>     mov es,bx
   144 0000017D 88C3                <1>     mov bl,al                   ; char
   145 0000017F B050                <1>     mov al,80
   146 00000181 F6E6                <1>     mul dh
   147 00000183 D1E0                <1>     shl ax,1
   148 00000185 89C7                <1>     mov di,ax
   149 00000187 B95000              <1>     mov cx,80
   150 0000018A 31F6                <1>     xor si,si
   151 0000018C FC                  <1>     cld
   152                              <1> .lp:
   153 0000018D 88D8                <1>     mov al,bl
   154 0000018F 8AA4[0808]          <1>     mov ah,[rb_tab+si]
   155 00000193 AB                  <1>     stosw
   156 00000194 46                  <1>     inc si
   157 00000195 83FE0C              <1>     cmp si,RBN
   158 00000198 7202                <1>     jb .n
   159 0000019A 31F6                <1>     xor si,si
   160                              <1> .n:
   161 0000019C E2EF                <1>     loop .lp
   162 0000019E 07                  <1>     pop es
   163 0000019F 61                  <1>     popa
   164 000001A0 C3                  <1>     ret
   165                              <1> 
   166                              <1> ; NumRow: row DH, centred "1 2 3 4 5 6 7 8" in minesweeper rainbow
   167                              <1> NumRow:
   168 000001A1 60                  <1>     pusha
   169 000001A2 B220                <1>     mov dl,32
   170 000001A4 31F6                <1>     xor si,si
   171 000001A6 B90800              <1>     mov cx,8
   172                              <1> .n:
   173 000001A9 89F0                <1>     mov ax,si
   174 000001AB 0431                <1>     add al,'1'
   175 000001AD A2[0608]            <1>     mov [nbuf],al
   176 000001B0 8A9C[1C08]          <1>     mov bl,[nr_stage+si]
   177 000001B4 56                  <1>     push si
   178 000001B5 BE[0608]            <1>     mov si,nbuf
   179 000001B8 E85300              <1>     call PrintA
   180 000001BB 5E                  <1>     pop si
   181 000001BC 46                  <1>     inc si
   182 000001BD 80C202              <1>     add dl,2
   183 000001C0 E2E7                <1>     loop .n
   184 000001C2 61                  <1>     popa
   185 000001C3 C3                  <1>     ret
   186                              <1> 
   187                              <1> ; WaitKey: AL = keypress, no echo
   188                              <1> WaitKey:
   189 000001C4 B407                <1>     mov ah,07h
   190 000001C6 CD21                <1>     int 21h
   191 000001C8 C3                  <1>     ret
   192                              <1> 
   193                              <1> ; GetKey: AL = key code, AH = 0 normal / 1 extended (arrows etc, AL=scan)
   194                              <1> GetKey:
   195 000001C9 B407                <1>     mov ah,07h
   196 000001CB CD21                <1>     int 21h
   197 000001CD 08C0                <1>     or al,al
   198 000001CF 7507                <1>     jnz .norm
   199 000001D1 B407                <1>     mov ah,07h
   200 000001D3 CD21                <1>     int 21h
   201 000001D5 B401                <1>     mov ah,1
   202 000001D7 C3                  <1>     ret
   203                              <1> .norm:
   204 000001D8 30E4                <1>     xor ah,ah
   205 000001DA C3                  <1>     ret
   206                              <1> 
   207                              <1> ; PrintStr: DS:SI -> $-terminated string via DOS (legacy helper)
   208                              <1> PrintStr:
   209 000001DB 60                  <1>     pusha
   210 000001DC 89F2                <1>     mov dx,si
   211 000001DE B409                <1>     mov ah,09h
   212 000001E0 CD21                <1>     int 21h
   213 000001E2 61                  <1>     popa
   214 000001E3 C3                  <1>     ret
   215                              <1> 
   216                              <1> ; PrintAttr: write 0-terminated string at the cursor, BL = colour attr
   217                              <1> ; (legacy BIOS version, kept for other modules)
   218                              <1> PrintAttr:
   219 000001E4 60                  <1>     pusha
   220                              <1> .ch:
   221 000001E5 AC                  <1>     lodsb
   222 000001E6 08C0                <1>     or al,al
   223 000001E8 7422                <1>     jz .done
   224 000001EA B409                <1>     mov ah,09h
   225 000001EC B700                <1>     mov bh,0
   226 000001EE B90100              <1>     mov cx,1
   227 000001F1 CD10                <1>     int 10h
   228 000001F3 50                  <1>     push ax
   229 000001F4 B403                <1>     mov ah,03h
   230 000001F6 B700                <1>     mov bh,0
   231 000001F8 CD10                <1>     int 10h
   232 000001FA FEC2                <1>     inc dl
   233 000001FC 80FA50              <1>     cmp dl,80
   234 000001FF 7204                <1>     jb .set
   235 00000201 30D2                <1>     xor dl,dl
   236 00000203 FEC6                <1>     inc dh
   237                              <1> .set:
   238 00000205 B402                <1>     mov ah,02h
   239 00000207 CD10                <1>     int 10h
   240 00000209 58                  <1>     pop ax
   241 0000020A EBD9                <1>     jmp .ch
   242                              <1> .done:
   243 0000020C 61                  <1>     popa
   244 0000020D C3                  <1>     ret
   245                              <1> 
   246                              <1> ; PrintA: DH=row DL=col BL=attr SI->0-terminated string
   247                              <1> ; Writes directly to video RAM, clipped at column 80. Cursor untouched.
   248                              <1> PrintA:
   249 0000020E 60                  <1>     pusha
   250 0000020F 06                  <1>     push es
   251 00000210 B800B8              <1>     mov ax,0B800h
   252 00000213 8EC0                <1>     mov es,ax
   253 00000215 88D1                <1>     mov cl,dl
   254 00000217 80F950              <1>     cmp cl,80
   255 0000021A 7321                <1>     jae .done
   256 0000021C B050                <1>     mov al,80
   257 0000021E F6E6                <1>     mul dh                      ; AX = row*80
   258 00000220 B650                <1>     mov dh,80
   259 00000222 28CE                <1>     sub dh,cl                   ; DH = cells left on this row
   260 00000224 30ED                <1>     xor ch,ch
   261 00000226 01C8                <1>     add ax,cx
   262 00000228 D1E0                <1>     shl ax,1
   263 0000022A 89C7                <1>     mov di,ax
   264 0000022C 88DC                <1>     mov ah,bl                   ; attribute
   265 0000022E FC                  <1>     cld
   266                              <1> .lp:
   267 0000022F 08F6                <1>     or dh,dh
   268 00000231 740A                <1>     jz .done
   269 00000233 AC                  <1>     lodsb
   270 00000234 08C0                <1>     or al,al
   271 00000236 7405                <1>     jz .done
   272 00000238 AB                  <1>     stosw
   273 00000239 FECE                <1>     dec dh
   274 0000023B EBF2                <1>     jmp .lp
   275                              <1> .done:
   276 0000023D 07                  <1>     pop es
   277 0000023E 61                  <1>     popa
   278 0000023F C3                  <1>     ret
   279                              <1> 
   280                              <1> ; PrintG: like PrintA, for block graphics.  ' ' is transparent,
   281                              <1> ;   '#' -> [g_full] (default DBh)   '^' -> upper half   '_' -> lower half
   282                              <1> PrintG:
   283 00000240 60                  <1>     pusha
   284 00000241 06                  <1>     push es
   285 00000242 B800B8              <1>     mov ax,0B800h
   286 00000245 8EC0                <1>     mov es,ax
   287 00000247 88D1                <1>     mov cl,dl
   288 00000249 80F950              <1>     cmp cl,80
   289 0000024C 7343                <1>     jae .done
   290 0000024E B050                <1>     mov al,80
   291 00000250 F6E6                <1>     mul dh
   292 00000252 B650                <1>     mov dh,80
   293 00000254 28CE                <1>     sub dh,cl
   294 00000256 30ED                <1>     xor ch,ch
   295 00000258 01C8                <1>     add ax,cx
   296 0000025A D1E0                <1>     shl ax,1
   297 0000025C 89C7                <1>     mov di,ax
   298 0000025E 88DC                <1>     mov ah,bl
   299 00000260 FC                  <1>     cld
   300                              <1> .lp:
   301 00000261 08F6                <1>     or dh,dh
   302 00000263 742C                <1>     jz .done
   303 00000265 AC                  <1>     lodsb
   304 00000266 08C0                <1>     or al,al
   305 00000268 7427                <1>     jz .done
   306 0000026A 3C20                <1>     cmp al,' '
   307 0000026C 741C                <1>     je .skip
   308 0000026E 3C23                <1>     cmp al,'#'
   309 00000270 7505                <1>     jne .n1
   310 00000272 A0[0508]            <1>     mov al,[g_full]
   311 00000275 EB0E                <1>     jmp .put
   312                              <1> .n1:
   313 00000277 3C5E                <1>     cmp al,'^'
   314 00000279 7504                <1>     jne .n2
   315 0000027B B0DF                <1>     mov al,0DFh
   316 0000027D EB06                <1>     jmp .put
   317                              <1> .n2:
   318 0000027F 3C5F                <1>     cmp al,'_'
   319 00000281 7502                <1>     jne .put
   320 00000283 B0DC                <1>     mov al,0DCh
   321                              <1> .put:
   322 00000285 AB                  <1>     stosw
   323 00000286 FECE                <1>     dec dh
   324 00000288 EBD7                <1>     jmp .lp
   325                              <1> .skip:
   326 0000028A 83C702              <1>     add di,2
   327 0000028D FECE                <1>     dec dh
   328 0000028F EBD0                <1>     jmp .lp
   329                              <1> .done:
   330 00000291 07                  <1>     pop es
   331 00000292 61                  <1>     popa
   332 00000293 C3                  <1>     ret
   333                              <1> 
   334                              <1> ; StrLen: SI -> 0-terminated string, CX = length
   335                              <1> StrLen:
   336 00000294 56                  <1>     push si
   337 00000295 31C9                <1>     xor cx,cx
   338                              <1> .l:
   339 00000297 803C00              <1>     cmp byte [si],0
   340 0000029A 7404                <1>     je .done
   341 0000029C 46                  <1>     inc si
   342 0000029D 41                  <1>     inc cx
   343 0000029E EBF7                <1>     jmp .l
   344                              <1> .done:
   345 000002A0 5E                  <1>     pop si
   346 000002A1 C3                  <1>     ret
   347                              <1> 
   348                              <1> ; PrintCRow: centred on row DH, BL = attr, SI -> string
   349                              <1> PrintCRow:
   350 000002A2 60                  <1>     pusha
   351 000002A3 E8EEFF              <1>     call StrLen
   352 000002A6 B85000              <1>     mov ax,80
   353 000002A9 29C8                <1>     sub ax,cx
   354 000002AB D1E8                <1>     shr ax,1
   355 000002AD 88C2                <1>     mov dl,al
   356 000002AF E85CFF              <1>     call PrintA
   357 000002B2 61                  <1>     popa
   358 000002B3 C3                  <1>     ret
   359                              <1> 
   360                              <1> ; TypeStr: centred typewriter line on row DH (intro status)
   361                              <1> TypeStr:
   362 000002B4 60                  <1>     pusha
   363 000002B5 E8DCFF              <1>     call StrLen
   364 000002B8 B85000              <1>     mov ax,80
   365 000002BB 29C8                <1>     sub ax,cx
   366 000002BD D1E8                <1>     shr ax,1
   367 000002BF 88C2                <1>     mov dl,al
   368 000002C1 B402                <1>     mov ah,02h
   369 000002C3 B700                <1>     mov bh,0
   370 000002C5 CD10                <1>     int 10h
   371                              <1> .ch:
   372 000002C7 AC                  <1>     lodsb
   373 000002C8 08C0                <1>     or al,al
   374 000002CA 7425                <1>     jz .done
   375 000002CC B409                <1>     mov ah,09h
   376 000002CE B700                <1>     mov bh,0
   377 000002D0 B90100              <1>     mov cx,1
   378 000002D3 CD10                <1>     int 10h
   379 000002D5 50                  <1>     push ax
   380 000002D6 B403                <1>     mov ah,03h
   381 000002D8 B700                <1>     mov bh,0
   382 000002DA CD10                <1>     int 10h
   383 000002DC FEC2                <1>     inc dl
   384 000002DE B402                <1>     mov ah,02h
   385 000002E0 CD10                <1>     int 10h
   386 000002E2 58                  <1>     pop ax
   387 000002E3 51                  <1>     push cx
   388 000002E4 B90000              <1>     mov cx,0
   389 000002E7 BA409C              <1>     mov dx,9C40h
   390 000002EA B486                <1>     mov ah,86h
   391 000002EC CD15                <1>     int 15h
   392 000002EE 59                  <1>     pop cx
   393 000002EF EBD6                <1>     jmp .ch
   394                              <1> .done:
   395 000002F1 61                  <1>     popa
   396 000002F2 C3                  <1>     ret
   397                              <1> 
   398                              <1> ; Delay350: ~0.35 s pause
   399                              <1> Delay350:
   400 000002F3 60                  <1>     pusha
   401 000002F4 B90500              <1>     mov cx,5
   402 000002F7 BA3057              <1>     mov dx,5730h
   403 000002FA B486                <1>     mov ah,86h
   404 000002FC CD15                <1>     int 15h
   405 000002FE 61                  <1>     popa
   406 000002FF C3                  <1>     ret
   407                              <1> 
   408                              <1> ; DrawBar: reverse-video status bar on the bottom row. SI -> left text
   409                              <1> DrawBar:
   410 00000300 60                  <1>     pusha
   411 00000301 56                  <1>     push si
   412 00000302 B370                <1>     mov bl,70h
   413 00000304 BE[8C0D]            <1>     mov si,bar_fill
   414 00000307 B618                <1>     mov dh,24
   415 00000309 30D2                <1>     xor dl,dl
   416 0000030B E800FF              <1>     call PrintA
   417 0000030E 5E                  <1>     pop si
   418 0000030F 30D2                <1>     xor dl,dl
   419 00000311 E8FAFE              <1>     call PrintA
   420 00000314 BE[F80D]            <1>     mov si,bar_ver
   421 00000317 B24B                <1>     mov dl,75
   422 00000319 E8F2FE              <1>     call PrintA
   423 0000031C 61                  <1>     popa
   424 0000031D C3                  <1>     ret
   425                              <1> 
   426                              <1> ; --- menu engine ----------------------------------------------------
   427                              <1> ;
   428                              <1> ; Descriptor:   dw title, crumb, hint
   429                              <1> ;               db count
   430                              <1> ;               count * ( dw name, desc ; db flags )     flags bit0 = locked
   431                              <1> ;
   432                              <1> ; RunMenu: SI -> descriptor, AL = initial selection
   433                              <1> ;          returns AL = chosen index, or 0FFh for Esc
   434                              <1> 
   435                              <1> RunMenu:
   436 0000031E 53                  <1>     push bx
   437 0000031F 51                  <1>     push cx
   438 00000320 52                  <1>     push dx
   439 00000321 56                  <1>     push si
   440 00000322 57                  <1>     push di
   441 00000323 8936[FD07]          <1>     mov [m_desc],si
   442 00000327 A2[FF07]            <1>     mov [m_sel],al
   443 0000032A 8A4406              <1>     mov al,[si+6]
   444 0000032D A2[0008]            <1>     mov [m_cnt],al
   445 00000330 B410                <1>     mov ah,16                   ; panel row = (24 - (count+8)) / 2
   446 00000332 28C4                <1>     sub ah,al
   447 00000334 D0EC                <1>     shr ah,1
   448 00000336 8826[0108]          <1>     mov [m_row],ah
   449 0000033A E8CA00              <1>     call MenuDraw
   450                              <1> 
   451                              <1> .key:
   452 0000033D E889FE              <1>     call GetKey
   453 00000340 08E4                <1>     or ah,ah
   454 00000342 752B                <1>     jnz .ext
   455 00000344 3C0D                <1>     cmp al,0Dh
   456 00000346 746D                <1>     je .enter
   457 00000348 3C1B                <1>     cmp al,1Bh
   458 0000034A 0F848100            <1>     je .esc
   459 0000034E 3C77                <1>     cmp al,'w'
   460 00000350 742F                <1>     je .up
   461 00000352 3C57                <1>     cmp al,'W'
   462 00000354 742B                <1>     je .up
   463 00000356 3C73                <1>     cmp al,'s'
   464 00000358 7438                <1>     je .down
   465 0000035A 3C53                <1>     cmp al,'S'
   466 0000035C 7434                <1>     je .down
   467 0000035E 3C31                <1>     cmp al,'1'                  ; number hotkey: highlight + activate
   468 00000360 72DB                <1>     jb .key
   469 00000362 2C31                <1>     sub al,'1'
   470 00000364 3A06[0008]          <1>     cmp al,[m_cnt]
   471 00000368 73D3                <1>     jae .key
   472 0000036A E87C00              <1>     call MoveTo
   473 0000036D EB46                <1>     jmp .enter
   474                              <1> .ext:
   475 0000036F 3C48                <1>     cmp al,48h                  ; up
   476 00000371 740E                <1>     je .up
   477 00000373 3C50                <1>     cmp al,50h                  ; down
   478 00000375 741B                <1>     je .down
   479 00000377 3C47                <1>     cmp al,47h                  ; home
   480 00000379 7429                <1>     je .home
   481 0000037B 3C4F                <1>     cmp al,4Fh                  ; end
   482 0000037D 742C                <1>     je .end
   483 0000037F EBBC                <1>     jmp .key
   484                              <1> .up:
   485 00000381 A0[FF07]            <1>     mov al,[m_sel]
   486 00000384 08C0                <1>     or al,al
   487 00000386 7503                <1>     jnz .u1
   488 00000388 A0[0008]            <1>     mov al,[m_cnt]
   489                              <1> .u1:
   490 0000038B FEC8                <1>     dec al
   491 0000038D E85900              <1>     call MoveTo
   492 00000390 EBAB                <1>     jmp .key
   493                              <1> .down:
   494 00000392 A0[FF07]            <1>     mov al,[m_sel]
   495 00000395 FEC0                <1>     inc al
   496 00000397 3A06[0008]          <1>     cmp al,[m_cnt]
   497 0000039B 7202                <1>     jb .d1
   498 0000039D 30C0                <1>     xor al,al
   499                              <1> .d1:
   500 0000039F E84700              <1>     call MoveTo
   501 000003A2 EB99                <1>     jmp .key
   502                              <1> .home:
   503 000003A4 30C0                <1>     xor al,al
   504 000003A6 E84000              <1>     call MoveTo
   505 000003A9 EB92                <1>     jmp .key
   506                              <1> .end:
   507 000003AB A0[0008]            <1>     mov al,[m_cnt]
   508 000003AE FEC8                <1>     dec al
   509 000003B0 E83600              <1>     call MoveTo
   510 000003B3 EB88                <1>     jmp .key
   511                              <1> .enter:
   512 000003B5 A0[FF07]            <1>     mov al,[m_sel]
   513 000003B8 E81C00              <1>     call ItemPtr
   514 000003BB F6450401            <1>     test byte [di+4],1          ; locked? beep and stay
   515 000003BF 7409                <1>     jz .accept
   516 000003C1 B402                <1>     mov ah,02h
   517 000003C3 B207                <1>     mov dl,07h
   518 000003C5 CD21                <1>     int 21h
   519 000003C7 E973FF              <1>     jmp .key
   520                              <1> .accept:
   521 000003CA A0[FF07]            <1>     mov al,[m_sel]
   522 000003CD EB02                <1>     jmp .out
   523                              <1> .esc:
   524 000003CF B0FF                <1>     mov al,0FFh
   525                              <1> .out:
   526 000003D1 5F                  <1>     pop di
   527 000003D2 5E                  <1>     pop si
   528 000003D3 5A                  <1>     pop dx
   529 000003D4 59                  <1>     pop cx
   530 000003D5 5B                  <1>     pop bx
   531 000003D6 C3                  <1>     ret
   532                              <1> 
   533                              <1> ; ItemPtr: AL = index -> DI = item record (AX, BX preserved)
   534                              <1> ItemPtr:
   535 000003D7 50                  <1>     push ax
   536 000003D8 53                  <1>     push bx
   537 000003D9 B305                <1>     mov bl,5
   538 000003DB F6E3                <1>     mul bl
   539 000003DD 8B3E[FD07]          <1>     mov di,[m_desc]
   540 000003E1 83C707              <1>     add di,7
   541 000003E4 01C7                <1>     add di,ax
   542 000003E6 5B                  <1>     pop bx
   543 000003E7 58                  <1>     pop ax
   544 000003E8 C3                  <1>     ret
   545                              <1> 
   546                              <1> ; MoveTo: AL = new selection; redraws only the two rows that changed
   547                              <1> MoveTo:
   548 000003E9 60                  <1>     pusha
   549 000003EA 3A06[FF07]          <1>     cmp al,[m_sel]
   550 000003EE 7415                <1>     je .same
   551 000003F0 8A1E[FF07]          <1>     mov bl,[m_sel]
   552 000003F4 A2[FF07]            <1>     mov [m_sel],al
   553 000003F7 88D8                <1>     mov al,bl
   554 000003F9 E80A01              <1>     call DrawItem
   555 000003FC A0[FF07]            <1>     mov al,[m_sel]
   556 000003FF E80401              <1>     call DrawItem
   557 00000402 E89C01              <1>     call DrawDesc
   558                              <1> .same:
   559 00000405 61                  <1>     popa
   560 00000406 C3                  <1>     ret
   561                              <1> 
   562                              <1> ; MenuDraw: backdrop, masthead, shadowed panel, all items, description
   563                              <1> MenuDraw:
   564 00000407 60                  <1>     pusha
   565 00000408 E8D6FC              <1>     call ClearFast
   566 0000040B B500                <1>     mov ch,0
   567 0000040D B617                <1>     mov dh,23
   568 0000040F E8EAFC              <1>     call PaintBG                ; minefield
   569                              <1> 
   570 00000412 B501                <1>     mov ch,1                    ; black masthead band
   571 00000414 B604                <1>     mov dh,4
   572 00000416 B700                <1>     mov bh,00h
   573 00000418 E8D5FC              <1>     call Band
   574 0000041B B600                <1>     mov dh,0                    ; rainbow stripe above ...
   575 0000041D B0DC                <1>     mov al,0DCh
   576 0000041F E854FD              <1>     call Rainbow
   577 00000422 B605                <1>     mov dh,5                    ; ... and below it
   578 00000424 B0DF                <1>     mov al,0DFh
   579 00000426 E84DFD              <1>     call Rainbow
   580                              <1> 
   581 00000429 C606[0508]DB        <1>     mov byte [g_full],0DBh      ; compact 2-row logo, ice over steel blue
   582 0000042E B30F                <1>     mov bl,0Fh
   583 00000430 B602                <1>     mov dh,2
   584 00000432 B211                <1>     mov dl,17
   585 00000434 BE[6E09]            <1>     mov si,mt_r0
   586 00000437 E806FE              <1>     call PrintG
   587 0000043A B30B                <1>     mov bl,0Bh
   588 0000043C FEC6                <1>     inc dh
   589 0000043E BE[9C09]            <1>     mov si,mt_r1
   590 00000441 E8FCFD              <1>     call PrintG
   591 00000444 BE[5D0E]            <1>     mov si,str_mine             ; a mine on each flank
   592 00000447 B307                <1>     mov bl,07h
   593 00000449 B602                <1>     mov dh,2
   594 0000044B B20D                <1>     mov dl,13
   595 0000044D E8BEFD              <1>     call PrintA
   596 00000450 B241                <1>     mov dl,65
   597 00000452 E8B9FD              <1>     call PrintA
   598 00000455 B308                <1>     mov bl,08h
   599 00000457 B603                <1>     mov dh,3
   600 00000459 E8B2FD              <1>     call PrintA
   601 0000045C B20D                <1>     mov dl,13
   602 0000045E E8ADFD              <1>     call PrintA
   603 00000461 B604                <1>     mov dh,4
   604 00000463 B30B                <1>     mov bl,0Bh
   605 00000465 BE[7A0E]            <1>     mov si,msg_dosEd
   606 00000468 E837FE              <1>     call PrintCRow
   607                              <1> 
   608 0000046B 8B3E[FD07]          <1>     mov di,[m_desc]             ; breadcrumb + key hints
   609 0000046F B615                <1>     mov dh,21
   610 00000471 B317                <1>     mov bl,17h
   611 00000473 8B7502              <1>     mov si,[di+2]
   612 00000476 E829FE              <1>     call PrintCRow
   613 00000479 8B7504              <1>     mov si,[di+4]
   614 0000047C E881FE              <1>     call DrawBar
   615                              <1> 
   616 0000047F A0[0008]            <1>     mov al,[m_cnt]              ; panel height = count + 8
   617 00000482 0408                <1>     add al,8
   618 00000484 A2[0208]            <1>     mov [m_h],al
   619                              <1> 
   620 00000487 88C1                <1>     mov cl,al                   ; drop shadow (offset +2,+1)
   621 00000489 8A36[0108]          <1>     mov dh,[m_row]
   622 0000048D FEC6                <1>     inc dh
   623 0000048F B211                <1>     mov dl,PC+2
   624 00000491 B300                <1>     mov bl,00h
   625 00000493 BE[590D]            <1>     mov si,sp50
   626                              <1> .sh:
   627 00000496 E875FD              <1>     call PrintA
   628 00000499 FEC6                <1>     inc dh
   629 0000049B FEC9                <1>     dec cl
   630 0000049D 75F7                <1>     jnz .sh
   631                              <1> 
   632 0000049F 8A36[0108]          <1>     mov dh,[m_row]              ; panel frame
   633 000004A3 B20F                <1>     mov dl,PC
   634 000004A5 B30B                <1>     mov bl,0Bh
   635 000004A7 BE[5C0C]            <1>     mov si,box_top50
   636 000004AA E861FD              <1>     call PrintA
   637 000004AD 8A0E[0208]          <1>     mov cl,[m_h]
   638 000004B1 80E902              <1>     sub cl,2
   639                              <1> .mid:
   640 000004B4 FEC6                <1>     inc dh
   641 000004B6 BE[F50C]            <1>     mov si,box_mid
   642 000004B9 E852FD              <1>     call PrintA
   643 000004BC FEC9                <1>     dec cl
   644 000004BE 75F4                <1>     jnz .mid
   645 000004C0 FEC6                <1>     inc dh
   646 000004C2 BE[8F0C]            <1>     mov si,box_bot50
   647 000004C5 E846FD              <1>     call PrintA
   648                              <1> 
   649 000004C8 8A36[0108]          <1>     mov dh,[m_row]              ; separators under title / above help
   650 000004CC 80C602              <1>     add dh,2
   651 000004CF BE[C20C]            <1>     mov si,box_sep
   652 000004D2 E839FD              <1>     call PrintA
   653 000004D5 8A36[0108]          <1>     mov dh,[m_row]
   654 000004D9 0236[0008]          <1>     add dh,[m_cnt]
   655 000004DD 80C605              <1>     add dh,5
   656 000004E0 E82BFD              <1>     call PrintA
   657                              <1> 
   658 000004E3 8A36[0108]          <1>     mov dh,[m_row]              ; panel title
   659 000004E7 FEC6                <1>     inc dh
   660 000004E9 B30F                <1>     mov bl,0Fh
   661 000004EB 8B3E[FD07]          <1>     mov di,[m_desc]
   662 000004EF 8B35                <1>     mov si,[di]
   663 000004F1 E8AEFD              <1>     call PrintCRow
   664                              <1> 
   665 000004F4 30C0                <1>     xor al,al                   ; items + help line
   666                              <1> .it:
   667 000004F6 E80D00              <1>     call DrawItem
   668 000004F9 FEC0                <1>     inc al
   669 000004FB 3A06[0008]          <1>     cmp al,[m_cnt]
   670 000004FF 72F5                <1>     jb .it
   671 00000501 E89D00              <1>     call DrawDesc
   672 00000504 61                  <1>     popa
   673 00000505 C3                  <1>     ret
   674                              <1> 
   675                              <1> ; DrawItem: AL = index; style depends on [m_sel] and the locked flag
   676                              <1> DrawItem:
   677 00000506 60                  <1>     pusha
   678 00000507 88C1                <1>     mov cl,al
   679 00000509 E8CBFE              <1>     call ItemPtr
   680 0000050C 8A7D04              <1>     mov bh,[di+4]               ; flags
   681 0000050F 8A36[0108]          <1>     mov dh,[m_row]
   682 00000513 80C604              <1>     add dh,4
   683 00000516 00CE                <1>     add dh,cl
   684                              <1> 
   685 00000518 C606[0308]0F        <1>     mov byte [a_name],0Fh       ; normal
   686 0000051D C606[0408]0B        <1>     mov byte [a_key],0Bh
   687 00000522 3A0E[FF07]          <1>     cmp cl,[m_sel]
   688 00000526 751B                <1>     jne .unsel
   689 00000528 C606[0308]70        <1>     mov byte [a_name],70h       ; selected: black on grey bar
   690 0000052D C606[0408]71        <1>     mov byte [a_key],71h
   691 00000532 F6C701              <1>     test bh,1
   692 00000535 741B                <1>     jz .draw
   693 00000537 C606[0308]4F        <1>     mov byte [a_name],4Fh       ; selected + locked: white on red
   694 0000053C C606[0408]4F        <1>     mov byte [a_key],4Fh
   695 00000541 EB0F                <1>     jmp .draw
   696                              <1> .unsel:
   697 00000543 F6C701              <1>     test bh,1
   698 00000546 740A                <1>     jz .draw
   699 00000548 C606[0308]08        <1>     mov byte [a_name],08h       ; locked: dark grey
   700 0000054D C606[0408]08        <1>     mov byte [a_key],08h
   701                              <1> .draw:
   702 00000552 8A1E[0308]          <1>     mov bl,[a_name]             ; bar fill
   703 00000556 BE[280D]            <1>     mov si,sp48
   704 00000559 B210                <1>     mov dl,PC+1
   705 0000055B E8B0FC              <1>     call PrintA
   706 0000055E 3A0E[FF07]          <1>     cmp cl,[m_sel]              ; pointer
   707 00000562 750C                <1>     jne .nomark
   708 00000564 8A1E[0408]          <1>     mov bl,[a_key]
   709 00000568 BE[5B0E]            <1>     mov si,str_marker
   710 0000056B B212                <1>     mov dl,PC+3
   711 0000056D E89EFC              <1>     call PrintA
   712                              <1> .nomark:
   713 00000570 88C8                <1>     mov al,cl                   ; [n]
   714 00000572 0431                <1>     add al,'1'
   715 00000574 A2[690E]            <1>     mov [keybuf+1],al
   716 00000577 8A1E[0408]          <1>     mov bl,[a_key]
   717 0000057B BE[680E]            <1>     mov si,keybuf
   718 0000057E B214                <1>     mov dl,PC+5
   719 00000580 E88BFC              <1>     call PrintA
   720 00000583 8A1E[0308]          <1>     mov bl,[a_name]             ; label
   721 00000587 8B35                <1>     mov si,[di]
   722 00000589 B218                <1>     mov dl,PC+9
   723 0000058B E880FC              <1>     call PrintA
   724 0000058E F6C701              <1>     test bh,1
   725 00000591 740C                <1>     jz .done
   726 00000593 8A1E[0308]          <1>     mov bl,[a_name]
   727 00000597 BE[5F0E]            <1>     mov si,str_locked
   728 0000059A B235                <1>     mov dl,PC+38
   729 0000059C E86FFC              <1>     call PrintA
   730                              <1> .done:
   731 0000059F 61                  <1>     popa
   732 000005A0 C3                  <1>     ret
   733                              <1> 
   734                              <1> ; DrawDesc: help line for the highlighted item
   735                              <1> DrawDesc:
   736 000005A1 60                  <1>     pusha
   737 000005A2 A0[FF07]            <1>     mov al,[m_sel]
   738 000005A5 E82FFE              <1>     call ItemPtr
   739 000005A8 8A36[0108]          <1>     mov dh,[m_row]
   740 000005AC 0236[0008]          <1>     add dh,[m_cnt]
   741 000005B0 80C606              <1>     add dh,6
   742 000005B3 B30B                <1>     mov bl,0Bh
   743 000005B5 F6450401            <1>     test byte [di+4],1
   744 000005B9 7402                <1>     jz .a
   745 000005BB B30C                <1>     mov bl,0Ch
   746                              <1> .a:
   747 000005BD BE[280D]            <1>     mov si,sp48
   748 000005C0 B210                <1>     mov dl,PC+1
   749 000005C2 E849FC              <1>     call PrintA
   750 000005C5 8B7502              <1>     mov si,[di+2]
   751 000005C8 B212                <1>     mov dl,PC+3
   752 000005CA E841FC              <1>     call PrintA
   753 000005CD 61                  <1>     popa
   754 000005CE C3                  <1>     ret
   755                              <1> 
   756                              <1> ; --- intro ----------------------------------------------------------
   757                              <1> 
   758                              <1> ShowIntro:
   759 000005CF 60                  <1>     pusha
   760 000005D0 E8F1FA              <1>     call ClearScr
   761                              <1> 
   762 000005D3 B500                <1>     mov ch,0                    ; minefield everywhere ...
   763 000005D5 B617                <1>     mov dh,23
   764 000005D7 E822FB              <1>     call PaintBG
   765 000005DA B502                <1>     mov ch,2                    ; ... then a black stage
   766 000005DC B60F                <1>     mov dh,15
   767 000005DE B700                <1>     mov bh,00h
   768 000005E0 E80DFB              <1>     call Band
   769 000005E3 B601                <1>     mov dh,1                    ; rainbow stripes hugging the stage
   770 000005E5 B0DC                <1>     mov al,0DCh
   771 000005E7 E88CFB              <1>     call Rainbow
   772 000005EA B610                <1>     mov dh,16
   773 000005EC B0DF                <1>     mov al,0DFh
   774 000005EE E885FB              <1>     call Rainbow
   775                              <1> 
   776 000005F1 B303                <1>     mov bl,03h                  ; cyan frame
   777 000005F3 BE[BC0B]            <1>     mov si,box_top
   778 000005F6 B602                <1>     mov dh,2
   779 000005F8 B201                <1>     mov dl,1
   780 000005FA E811FC              <1>     call PrintA
   781 000005FD BE[0B0C]            <1>     mov si,box_bot
   782 00000600 B60F                <1>     mov dh,15
   783 00000602 B201                <1>     mov dl,1
   784 00000604 E807FC              <1>     call PrintA
   785 00000607 BE[5A0C]            <1>     mov si,box_side
   786 0000060A B503                <1>     mov ch,3
   787                              <1> .sides:
   788 0000060C 88EE                <1>     mov dh,ch
   789 0000060E B201                <1>     mov dl,1
   790 00000610 E8FBFB              <1>     call PrintA
   791 00000613 B24E                <1>     mov dl,78
   792 00000615 E8F6FB              <1>     call PrintA
   793 00000618 FEC5                <1>     inc ch
   794 0000061A 80FD0F              <1>     cmp ch,15
   795 0000061D 72ED                <1>     jb .sides
   796                              <1> 
   797 0000061F C606[0508]B1        <1>     mov byte [g_full],0B1h      ; logo shadow: dim shaded blocks, +1/+1
   798 00000624 B308                <1>     mov bl,08h
   799 00000626 B605                <1>     mov dh,5
   800 00000628 B208                <1>     mov dl,8
   801 0000062A BE[2408]            <1>     mov si,ttl_r0
   802 0000062D E810FC              <1>     call PrintG
   803 00000630 FEC6                <1>     inc dh
   804 00000632 BE[6608]            <1>     mov si,ttl_r1
   805 00000635 E808FC              <1>     call PrintG
   806 00000638 FEC6                <1>     inc dh
   807 0000063A BE[A808]            <1>     mov si,ttl_r2
   808 0000063D E800FC              <1>     call PrintG
   809 00000640 FEC6                <1>     inc dh
   810 00000642 BE[EA08]            <1>     mov si,ttl_r3
   811 00000645 E8F8FB              <1>     call PrintG
   812 00000648 FEC6                <1>     inc dh
   813 0000064A BE[2C09]            <1>     mov si,ttl_r4
   814 0000064D E8F0FB              <1>     call PrintG
   815                              <1> 
   816 00000650 C606[0508]DB        <1>     mov byte [g_full],0DBh      ; logo: ice white down to steel blue
   817 00000655 B207                <1>     mov dl,7
   818 00000657 B604                <1>     mov dh,4
   819 00000659 B30F                <1>     mov bl,0Fh
   820 0000065B BE[2408]            <1>     mov si,ttl_r0
   821 0000065E E8DFFB              <1>     call PrintG
   822 00000661 FEC6                <1>     inc dh
   823 00000663 B30B                <1>     mov bl,0Bh
   824 00000665 BE[6608]            <1>     mov si,ttl_r1
   825 00000668 E8D5FB              <1>     call PrintG
   826 0000066B FEC6                <1>     inc dh
   827 0000066D BE[A808]            <1>     mov si,ttl_r2
   828 00000670 E8CDFB              <1>     call PrintG
   829 00000673 FEC6                <1>     inc dh
   830 00000675 B303                <1>     mov bl,03h
   831 00000677 BE[EA08]            <1>     mov si,ttl_r3
   832 0000067A E8C3FB              <1>     call PrintG
   833 0000067D FEC6                <1>     inc dh
   834 0000067F B309                <1>     mov bl,09h
   835 00000681 BE[2C09]            <1>     mov si,ttl_r4
   836 00000684 E8B9FB              <1>     call PrintG
   837                              <1> 
   838 00000687 B60B                <1>     mov dh,11                   ; fuse ornament with a mine in the middle
   839 00000689 B307                <1>     mov bl,07h
   840 0000068B BE[6C0E]            <1>     mov si,orn_fuse
   841 0000068E E811FC              <1>     call PrintCRow
   842 00000691 B30B                <1>     mov bl,0Bh
   843 00000693 BE[5D0E]            <1>     mov si,str_mine
   844 00000696 B227                <1>     mov dl,39
   845 00000698 E873FB              <1>     call PrintA
   846                              <1> 
   847 0000069B B60C                <1>     mov dh,12
   848 0000069D B30B                <1>     mov bl,0Bh
   849 0000069F BE[7A0E]            <1>     mov si,msg_dosEd
   850 000006A2 E8FDFB              <1>     call PrintCRow
   851 000006A5 B60D                <1>     mov dh,13
   852 000006A7 E8F7FA              <1>     call NumRow
   853                              <1> 
   854 000006AA B613                <1>     mov dh,19                   ; tactical status, typed out
   855 000006AC B31B                <1>     mov bl,1Bh
   856 000006AE BE[A60E]            <1>     mov si,msg_scan
   857 000006B1 E800FC              <1>     call TypeStr
   858 000006B4 E83CFC              <1>     call Delay350
   859                              <1> 
   860 000006B7 B614                <1>     mov dh,20
   861 000006B9 B31B                <1>     mov bl,1Bh
   862 000006BB BE[BD0E]            <1>     mov si,msg_mines
   863 000006BE E8E1FB              <1>     call PrintCRow
   864 000006C1 E82FFC              <1>     call Delay350
   865                              <1> 
   866 000006C4 B616                <1>     mov dh,22
   867 000006C6 B31F                <1>     mov bl,1Fh
   868 000006C8 BE[CF0E]            <1>     mov si,msg_anykey
   869 000006CB E8D4FB              <1>     call PrintCRow
   870                              <1> 
   871 000006CE BE[DD0D]            <1>     mov si,bar_left
   872 000006D1 E82CFC              <1>     call DrawBar
   873 000006D4 E8EDFA              <1>     call WaitKey
   874 000006D7 C606[4024]01        <1>     mov byte [IntroShown],1
   875 000006DC 61                  <1>     popa
   876 000006DD C3                  <1>     ret
   877                              <1> 
   878                              <1> ; --- main menu ------------------------------------------------------
   879                              <1> 
   880                              <1> MainMenu:
   881 000006DE 803E[4024]00        <1>     cmp byte [IntroShown],0
   882 000006E3 7503                <1>     jne .loop
   883 000006E5 E8E7FE              <1>     call ShowIntro
   884                              <1> .loop:
   885 000006E8 BE[B107]            <1>     mov si,menu_main
   886 000006EB 30C0                <1>     xor al,al
   887 000006ED E82EFC              <1>     call RunMenu
   888 000006F0 3CFF                <1>     cmp al,0FFh                 ; Esc on the main menu: ignore
   889 000006F2 74F4                <1>     je .loop
   890 000006F4 3C01                <1>     cmp al,1
   891 000006F6 7413                <1>     je .credits
   892 000006F8 3C02                <1>     cmp al,2
   893 000006FA 7417                <1>     je .exit
   894                              <1> .play:
   895 000006FC E81700              <1>     call ModeMenu               ; AL=0 -> Back to main menu
   896 000006FF 08C0                <1>     or al,al
   897 00000701 74E5                <1>     jz .loop
   898 00000703 E82C00              <1>     call ClassMenu              ; AL=0 -> Back to gamemode
   899 00000706 08C0                <1>     or al,al
   900 00000708 74F2                <1>     jz .play
   901 0000070A C3                  <1>     ret                         ; mode + class set: boot the game
   902                              <1> .credits:
   903 0000070B E8B6F9              <1>     call ClearScr
   904 0000070E E8500A              <1>     call show_credits
   905 00000711 EBD5                <1>     jmp .loop
   906                              <1> .exit:
   907 00000713 E84D00              <1>     call ExitToDos
   908                              <1> 
   909                              <1> ; ModeMenu: AL=1 with [CurrentMode] set, or AL=0 for Back
   910                              <1> ModeMenu:
   911 00000716 A0[3924]            <1>     mov al,[CurrentMode]        ; cursor starts on the last choice
   912 00000719 3C03                <1>     cmp al,3
   913 0000071B 7202                <1>     jb .go
   914 0000071D 30C0                <1>     xor al,al
   915                              <1> .go:
   916 0000071F BE[C707]            <1>     mov si,menu_mode
   917 00000722 E8F9FB              <1>     call RunMenu
   918 00000725 3C03                <1>     cmp al,3                    ; item 4 (BACK) or Esc (0FFh)
   919 00000727 7306                <1>     jae .back
   920 00000729 A2[3924]            <1>     mov [CurrentMode],al        ; indices match 0/1/2
   921 0000072C B001                <1>     mov al,1
   922 0000072E C3                  <1>     ret
   923                              <1> .back:
   924 0000072F 30C0                <1>     xor al,al
   925 00000731 C3                  <1>     ret
   926                              <1> 
   927                              <1> ; ClassMenu: AL=1 with [SelectedClass] set, or AL=0 for Back
   928                              <1> ClassMenu:
   929 00000732 A0[3A24]            <1>     mov al,[SelectedClass]
   930 00000735 FEC8                <1>     dec al
   931 00000737 3C02                <1>     cmp al,2
   932 00000739 7202                <1>     jb .go
   933 0000073B 30C0                <1>     xor al,al
   934                              <1> .go:
   935 0000073D BE[E207]            <1>     mov si,menu_class
   936 00000740 E8DBFB              <1>     call RunMenu
   937 00000743 3C00                <1>     cmp al,0
   938 00000745 7407                <1>     je .tank
   939 00000747 3C01                <1>     cmp al,1
   940 00000749 740B                <1>     je .mage
   941 0000074B 30C0                <1>     xor al,al                   ; BACK / Esc  (ARTIFICER can't be accepted)
   942 0000074D C3                  <1>     ret
   943                              <1> .tank:
   944 0000074E C606[3A24]01        <1>     mov byte [SelectedClass],1
   945 00000753 B001                <1>     mov al,1
   946 00000755 C3                  <1>     ret
   947                              <1> .mage:
   948 00000756 C606[3A24]02        <1>     mov byte [SelectedClass],2
   949 0000075B C606[3C24]01        <1>     mov byte [MageScans],1      ; one scan per full session
   950 00000760 B001                <1>     mov al,1
   951 00000762 C3                  <1>     ret
   952                              <1> 
   953                              <1> ; --- exit -----------------------------------------------------------
   954                              <1> 
   955                              <1> ExitToDos:
   956 00000763 E85EF9              <1>     call ClearScr
   957 00000766 B500                <1>     mov ch,0
   958 00000768 B617                <1>     mov dh,23
   959 0000076A E88FF9              <1>     call PaintBG
   960 0000076D B50A                <1>     mov ch,10
   961 0000076F B60E                <1>     mov dh,14
   962 00000771 B700                <1>     mov bh,00h
   963 00000773 E87AF9              <1>     call Band
   964 00000776 B609                <1>     mov dh,9
   965 00000778 B0DC                <1>     mov al,0DCh
   966 0000077A E8F9F9              <1>     call Rainbow
   967 0000077D B60F                <1>     mov dh,15
   968 0000077F B0DF                <1>     mov al,0DFh
   969 00000781 E8F2F9              <1>     call Rainbow
   970 00000784 B60B                <1>     mov dh,11
   971 00000786 B30F                <1>     mov bl,0Fh
   972 00000788 BE[FA10]            <1>     mov si,msg_exit0
   973 0000078B E814FB              <1>     call PrintCRow
   974 0000078E B60C                <1>     mov dh,12
   975 00000790 B31B                <1>     mov bl,1Bh
   976 00000792 BE[1011]            <1>     mov si,msg_exit1
   977 00000795 E80AFB              <1>     call PrintCRow
   978 00000798 B60D                <1>     mov dh,13
   979 0000079A B317                <1>     mov bl,17h
   980 0000079C BE[3B11]            <1>     mov si,msg_exit2
   981 0000079F E800FB              <1>     call PrintCRow
   982 000007A2 B616                <1>     mov dh,22                   ; park the cursor below the scene
   983 000007A4 30D2                <1>     xor dl,dl
   984 000007A6 B700                <1>     mov bh,0
   985 000007A8 B402                <1>     mov ah,02h
   986 000007AA CD10                <1>     int 10h
   987 000007AC B8004C              <1>     mov ax,4C00h
   988 000007AF CD21                <1>     int 21h
   989                              <1> 
   990                              <1> ; --- menu data ------------------------------------------------------
   991                              <1> 
   992                              <1> menu_main:
   993 000007B1 [E90E][100F][FE0D]  <1>     dw ttl_main, crm_main, hint_main
   994 000007B7 03                  <1>     db 3
   995 000007B8 [600F][790F]        <1>     dw it_play,    ds_play
   996 000007BC 00                  <1>     db 0
   997 000007BD [650F][A00F]        <1>     dw it_credits, ds_credits
   998 000007C1 00                  <1>     db 0
   999 000007C2 [6D0F][B90F]        <1>     dw it_exit,    ds_exit
  1000 000007C6 00                  <1>     db 0
  1001                              <1> 
  1002                              <1> menu_mode:
  1003 000007C7 [F30E][1C0F][270E]  <1>     dw ttl_mode, crm_mode, hint_sub
  1004 000007CD 04                  <1>     db 4
  1005 000007CE [DC0F][F70F]        <1>     dw it_vanilla, ds_vanilla
  1006 000007D2 00                  <1>     db 0
  1007 000007D3 [E40F][1710]        <1>     dw it_endless, ds_endless
  1008 000007D7 00                  <1>     db 0
  1009 000007D8 [EC0F][3510]        <1>     dw it_rapid,   ds_rapid
  1010 000007DC 00                  <1>     db 0
  1011 000007DD [F20F][5310]        <1>     dw it_back,    ds_modeBack
  1012 000007E1 00                  <1>     db 0
  1013                              <1> 
  1014                              <1> menu_class:
  1015 000007E2 [030F][3A0F][270E]  <1>     dw ttl_class, crm_class, hint_sub
  1016 000007E8 04                  <1>     db 4
  1017 000007E9 [6C10][8010]        <1>     dw it_tank,      ds_tank
  1018 000007ED 00                  <1>     db 0
  1019 000007EE [7110][9D10]        <1>     dw it_mage,      ds_mage
  1020 000007F2 00                  <1>     db 0
  1021 000007F3 [7610][C210]        <1>     dw it_artificer, ds_artificer
  1022 000007F7 01                  <1>     db 1                        ; locked
  1023 000007F8 [F20F][DF10]        <1>     dw it_back,      ds_classBack
  1024 000007FC 00                  <1>     db 0
  1025                              <1> 
  1026                              <1> ; engine state
  1027 000007FD 0000                <1> m_desc:     dw 0
  1028 000007FF 00                  <1> m_sel:      db 0
  1029 00000800 00                  <1> m_cnt:      db 0
  1030 00000801 00                  <1> m_row:      db 0
  1031 00000802 00                  <1> m_h:        db 0
  1032 00000803 00                  <1> a_name:     db 0
  1033 00000804 00                  <1> a_key:      db 0
  1034 00000805 DB                  <1> g_full:     db 0DBh
  1035 00000806 3100                <1> nbuf:       db '1',0
  1036                              <1> 
  1037                              <1> ; palettes
  1038 00000808 080801010909010108- <1> rb_tab:     db 08h,08h,01h,01h,09h,09h,01h,01h,08h,08h,01h,01h
  1038 00000811 080101              <1>
  1039 00000814 1918191819181918    <1> nr_bg:      db 19h,18h,19h,18h,19h,18h,19h,18h      ; dim digits 1-8 on blue
  1040 0000081C 0807030B09030B0F    <1> nr_stage:   db 08h,07h,03h,0Bh,09h,03h,0Bh,0Fh      ; digits 1-8 on black
  1041                              <1> 
  1042                              <1> ; --- generated art: block logo (5 rows), compact logo (2 rows),
  1043                              <1> ;     minefield backdrop patterns (6 rows) ------------------------------
  1044                              <1> 
  1045 00000824 232020202320232323- <1> ttl_r0:   db '#   # ##### #   # #####  #### #   # ##### ##### ####  ##### #### ',0
  1045 0000082D 232320232020202320- <1>
  1045 00000836 232323232320202323- <1>
  1045 0000083F 232320232020202320- <1>
  1045 00000848 232323232320232323- <1>
  1045 00000851 232320232323232020- <1>
  1045 0000085A 232323232320232323- <1>
  1045 00000863 232000              <1>
  1046 00000866 232320232320202023- <1> ttl_r1:   db '## ##   #   ##  # #     #     #   # #     #     #   # #     #   #',0
  1046 0000086F 202020232320202320- <1>
  1046 00000878 232020202020232020- <1>
  1046 00000881 202020232020202320- <1>
  1046 0000088A 232020202020232020- <1>
  1046 00000893 202020232020202320- <1>
  1046 0000089C 232020202020232020- <1>
  1046 000008A5 202300              <1>
  1047 000008A8 232023202320202023- <1> ttl_r2:   db '# # #   #   # # # ####   ###  # # # ####  ####  ####  ####  #### ',0
  1047 000008B1 202020232023202320- <1>
  1047 000008BA 232323232020202323- <1>
  1047 000008C3 232020232023202320- <1>
  1047 000008CC 232323232020232323- <1>
  1047 000008D5 232020232323232020- <1>
  1047 000008DE 232323232020232323- <1>
  1047 000008E7 232000              <1>
  1048 000008EA 232020202320202023- <1> ttl_r3:   db '#   #   #   #  ## #         # ## ## #     #     #     #     #  # ',0
  1048 000008F3 202020232020232320- <1>
  1048 000008FC 232020202020202020- <1>
  1048 00000905 202320232320232320- <1>
  1048 0000090E 232020202020232020- <1>
  1048 00000917 202020232020202020- <1>
  1048 00000920 232020202020232020- <1>
  1048 00000929 232000              <1>
  1049 0000092C 232020202320232323- <1> ttl_r4:   db '#   # ##### #   # ##### ####  #   # ##### ##### #     ##### #   #',0
  1049 00000935 232320232020202320- <1>
  1049 0000093E 232323232320232323- <1>
  1049 00000947 232020232020202320- <1>
  1049 00000950 232323232320232323- <1>
  1049 00000959 232320232020202020- <1>
  1049 00000962 232323232320232020- <1>
  1049 0000096B 202300              <1>
  1050 0000096E 235E5F5E2320232023- <1> mt_r0:    db '#^_^# # #_ # #^^ #^ # # # #^^ #^^ #^# #^^ #^#',0
  1050 00000977 5F202320235E5E2023- <1>
  1050 00000980 5E2023202320232023- <1>
  1050 00000989 5E5E20235E5E20235E- <1>
  1050 00000992 2320235E5E20235E23- <1>
  1050 0000099B 00                  <1>
  1051 0000099C 23205E202320232023- <1> mt_r1:    db '# ^ # # # ^# ##_ _# ^_^_^ ##_ ##_ #^^ ##_ #^_',0
  1051 000009A5 205E232023235F205F- <1>
  1051 000009AE 23205E5F5E5F5E2023- <1>
  1051 000009B7 235F2023235F20235E- <1>
  1051 000009C0 5E2023235F20235E5F- <1>
  1051 000009C9 00                  <1>
  1052 000009CA 2E202E202E202E202E- <1> bgp0:     db '. . . . . . . . . . . . . . . . . 6 . . . . . . . . . . . . . . . . . . . . . 2 ',0
  1052 000009D3 202E202E202E202E20- <1>
  1052 000009DC 2E202E202E202E202E- <1>
  1052 000009E5 202E202E202E203620- <1>
  1052 000009EE 2E202E202E202E202E- <1>
  1052 000009F7 202E202E202E202E20- <1>
  1052 00000A00 2E202E202E202E202E- <1>
  1052 00000A09 202E202E202E202E20- <1>
  1052 00000A12 2E202E202E20322000  <1>
  1053 00000A1B 2E202E202E202E202E- <1> bgp1:     db '. . . . . . 4 . * . . . . . . . . . 2 . . . . . . . . . . . . . . . 2 . . . . . ',0
  1053 00000A24 202E2034202E202A20- <1>
  1053 00000A2D 2E202E202E202E202E- <1>
  1053 00000A36 202E202E202E202E20- <1>
  1053 00000A3F 32202E202E202E202E- <1>
  1053 00000A48 202E202E202E202E20- <1>
  1053 00000A51 2E202E202E202E202E- <1>
  1053 00000A5A 202E202E2032202E20- <1>
  1053 00000A63 2E202E202E202E2000  <1>
  1054 00000A6C 2E202E202E202E2031- <1> bgp2:     db '. . . . 1 . . . . . . . * . . . . . . . . . . . . . . . 6 . . . 5 . . . . . . . ',0
  1054 00000A75 202E202E202E202E20- <1>
  1054 00000A7E 2E202E202E202A202E- <1>
  1054 00000A87 202E202E202E202E20- <1>
  1054 00000A90 2E202E202E202E202E- <1>
  1054 00000A99 202E202E202E202E20- <1>
  1054 00000AA2 2E2036202E202E202E- <1>
  1054 00000AAB 2035202E202E202E20- <1>
  1054 00000AB4 2E202E202E202E2000  <1>
  1055 00000ABD 2E202E202E202E202E- <1> bgp3:     db '. . . . . . . . 6 . . 7 . . . . * . . . . . . . . . 7 . . 5 . . . 5 . . . . . . ',0
  1055 00000AC6 202E202E202E203620- <1>
  1055 00000ACF 2E202E2037202E202E- <1>
  1055 00000AD8 202E202E202A202E20- <1>
  1055 00000AE1 2E202E202E202E202E- <1>
  1055 00000AEA 202E202E202E203720- <1>
  1055 00000AF3 2E202E2035202E202E- <1>
  1055 00000AFC 202E2035202E202E20- <1>
  1055 00000B05 2E202E202E202E2000  <1>
  1056 00000B0E 2E202E202A2032202E- <1> bgp4:     db '. . * 2 . . . . . . . . . . 7 . 2 7 . . . . . . 1 . . . . . 2 . . . . . 8 . . 1 ',0
  1056 00000B17 202E202E202E202E20- <1>
  1056 00000B20 2E202E202E202E202E- <1>
  1056 00000B29 2037202E2032203720- <1>
  1056 00000B32 2E202E202E202E202E- <1>
  1056 00000B3B 202E2031202E202E20- <1>
  1056 00000B44 2E202E202E2032202E- <1>
  1056 00000B4D 202E202E202E202E20- <1>
  1056 00000B56 38202E202E20312000  <1>
  1057 00000B5F 2E202E202E2031202E- <1> bgp5:     db '. . . 1 . . . 1 . . . 8 . . 3 * . 1 . . . . . . . 2 6 . . . 1 . . . . . . . . . ',0
  1057 00000B68 202E202E2031202E20- <1>
  1057 00000B71 2E202E2038202E202E- <1>
  1057 00000B7A 2033202A202E203120- <1>
  1057 00000B83 2E202E202E202E202E- <1>
  1057 00000B8C 202E202E2032203620- <1>
  1057 00000B95 2E202E202E2031202E- <1>
  1057 00000B9E 202E202E202E202E20- <1>
  1057 00000BA7 2E202E202E202E2000  <1>
  1058 00000BB0 [CA09][1B0A][6C0A]- <1> bg_rows:    dw bgp0,bgp1,bgp2,bgp3,bgp4,bgp5
  1058 00000BB6 [BD0A][0E0B][5F0B]  <1>
  1059                              <1> 
  1060                              <1> ; --- strings --------------------------------------------------------
  1061                              <1> 
  1062 00000BBC C9CDCDCDCDCDCDCDCD- <1> box_top:    db 0C9h, 76 dup(0CDh), 0BBh, 0
  1062 00000BC5 CDCDCDCDCDCDCDCDCD- <1>
  1062 00000BCE CDCDCDCDCDCDCDCDCD- <1>
  1062 00000BD7 CDCDCDCDCDCDCDCDCD- <1>
  1062 00000BE0 CDCDCDCDCDCDCDCDCD- <1>
  1062 00000BE9 CDCDCDCDCDCDCDCDCD- <1>
  1062 00000BF2 CDCDCDCDCDCDCDCDCD- <1>
  1062 00000BFB CDCDCDCDCDCDCDCDCD- <1>
  1062 00000C04 CDCDCDCDCDBB00      <1>
  1063 00000C0B C8CDCDCDCDCDCDCDCD- <1> box_bot:    db 0C8h, 76 dup(0CDh), 0BCh, 0
  1063 00000C14 CDCDCDCDCDCDCDCDCD- <1>
  1063 00000C1D CDCDCDCDCDCDCDCDCD- <1>
  1063 00000C26 CDCDCDCDCDCDCDCDCD- <1>
  1063 00000C2F CDCDCDCDCDCDCDCDCD- <1>
  1063 00000C38 CDCDCDCDCDCDCDCDCD- <1>
  1063 00000C41 CDCDCDCDCDCDCDCDCD- <1>
  1063 00000C4A CDCDCDCDCDCDCDCDCD- <1>
  1063 00000C53 CDCDCDCDCDBC00      <1>
  1064 00000C5A BA00                <1> box_side:   db 0BAh, 0
  1065                              <1> 
  1066 00000C5C C9CDCDCDCDCDCDCDCD- <1> box_top50:  db 0C9h, 48 dup(0CDh), 0BBh, 0
  1066 00000C65 CDCDCDCDCDCDCDCDCD- <1>
  1066 00000C6E CDCDCDCDCDCDCDCDCD- <1>
  1066 00000C77 CDCDCDCDCDCDCDCDCD- <1>
  1066 00000C80 CDCDCDCDCDCDCDCDCD- <1>
  1066 00000C89 CDCDCDCDBB00        <1>
  1067 00000C8F C8CDCDCDCDCDCDCDCD- <1> box_bot50:  db 0C8h, 48 dup(0CDh), 0BCh, 0
  1067 00000C98 CDCDCDCDCDCDCDCDCD- <1>
  1067 00000CA1 CDCDCDCDCDCDCDCDCD- <1>
  1067 00000CAA CDCDCDCDCDCDCDCDCD- <1>
  1067 00000CB3 CDCDCDCDCDCDCDCDCD- <1>
  1067 00000CBC CDCDCDCDBC00        <1>
  1068 00000CC2 C7C4C4C4C4C4C4C4C4- <1> box_sep:    db 0C7h, 48 dup(0C4h), 0B6h, 0
  1068 00000CCB C4C4C4C4C4C4C4C4C4- <1>
  1068 00000CD4 C4C4C4C4C4C4C4C4C4- <1>
  1068 00000CDD C4C4C4C4C4C4C4C4C4- <1>
  1068 00000CE6 C4C4C4C4C4C4C4C4C4- <1>
  1068 00000CEF C4C4C4C4B600        <1>
  1069 00000CF5 BA                  <1> box_mid:    db 0BAh
  1070 00000CF6 20<rep 30h>         <1>             times 48 db ' '
  1071 00000D26 BA00                <1>             db 0BAh, 0
  1072                              <1> 
  1073 00000D28 20<rep 30h>         <1> sp48:       times 48 db ' '
  1074 00000D58 00                  <1>             db 0
  1075 00000D59 20<rep 32h>         <1> sp50:       times 50 db ' '
  1076 00000D8B 00                  <1>             db 0
  1077 00000D8C 20<rep 50h>         <1> bar_fill:   times 80 db ' '
  1078 00000DDC 00                  <1>             db 0
  1079 00000DDD 204D494E4553574545- <1> bar_left:   db ' MINESWEEPER - DOS EDITION',0
  1079 00000DE6 504552202D20444F53- <1>
  1079 00000DEF 2045444954494F4E00  <1>
  1080 00000DF8 56312E302000        <1> bar_ver:    db 'V1.0 ',0
  1081                              <1> 
  1082 00000DFE 201819204D4F564520- <1> hint_main:  db ' ',18h,19h,' MOVE   ENTER SELECT   1-3 QUICK PICK',0
  1082 00000E07 2020454E5445522053- <1>
  1082 00000E10 454C45435420202031- <1>
  1082 00000E19 2D3320515549434B20- <1>
  1082 00000E22 5049434B00          <1>
  1083 00000E27 201819204D4F564520- <1> hint_sub:   db ' ',18h,19h,' MOVE   ENTER SELECT   ESC BACK   1-4 QUICK PICK',0
  1083 00000E30 2020454E5445522053- <1>
  1083 00000E39 454C45435420202045- <1>
  1083 00000E42 5343204241434B2020- <1>
  1083 00000E4B 20312D342051554943- <1>
  1083 00000E54 4B205049434B00      <1>
  1084                              <1> 
  1085 00000E5B 1000                <1> str_marker: db 10h,0
  1086 00000E5D 0F00                <1> str_mine:   db 0Fh,0
  1087 00000E5F 5B4C4F434B45445D00  <1> str_locked: db '[LOCKED]',0
  1088 00000E68 5B315D00            <1> keybuf:     db '[1]',0
  1089 00000E6C 2D3D3C3C3C200F203E- <1> orn_fuse:   db '-=<<< ',0Fh,' >>>=-',0
  1089 00000E75 3E3E3D2D00          <1>
  1090                              <1> 
  1091 00000E7A 44204F205320202045- <1> msg_dosEd:  db 'D O S   E D I T I O N',0
  1091 00000E83 204420492054204920- <1>
  1091 00000E8C 4F204E00            <1>
  1092 00000E90 4D2049204E20452053- <1> msg_mTitle: db 'M I N E S W E E P E R',0
  1092 00000E99 205720452045205020- <1>
  1092 00000EA2 45205200            <1>
  1093 00000EA6 5343414E4E494E4720- <1> msg_scan:   db 'SCANNING GRID FIELD...',0
  1093 00000EAF 47524944204649454C- <1>
  1093 00000EB8 442E2E2E00          <1>
  1094 00000EBD 3130204D494E455320- <1> msg_mines:  db '10 MINES LOCATED!',0
  1094 00000EC6 4C4F43415445442100  <1>
  1095 00000ECF 505245535320414E59- <1> msg_anykey: db 'PRESS ANY KEY TO CONTINUE',0
  1095 00000ED8 204B455920544F2043- <1>
  1095 00000EE1 4F4E54494E554500    <1>
  1096                              <1> 
  1097 00000EE9 4D41494E204D454E55- <1> ttl_main:   db 'MAIN MENU',0
  1097 00000EF2 00                  <1>
  1098 00000EF3 53454C454354204741- <1> ttl_mode:   db 'SELECT GAMEMODE',0
  1098 00000EFC 4D454D4F444500      <1>
  1099 00000F03 53454C45435420434C- <1> ttl_class:  db 'SELECT CLASS',0
  1099 00000F0C 41535300            <1>
  1100 00000F10 204D41494E204D454E- <1> crm_main:   db ' MAIN MENU ',0
  1100 00000F19 552000              <1>
  1101 00000F1C 204D41494E204D454E- <1> crm_mode:   db ' MAIN MENU > PLAY > GAMEMODE ',0
  1101 00000F25 55203E20504C415920- <1>
  1101 00000F2E 3E2047414D454D4F44- <1>
  1101 00000F37 452000              <1>
  1102 00000F3A 204D41494E204D454E- <1> crm_class:  db ' MAIN MENU > PLAY > GAMEMODE > CLASS ',0
  1102 00000F43 55203E20504C415920- <1>
  1102 00000F4C 3E2047414D454D4F44- <1>
  1102 00000F55 45203E20434C415353- <1>
  1102 00000F5E 2000                <1>
  1103                              <1> 
  1104 00000F60 504C415900          <1> it_play:    db 'PLAY',0
  1105 00000F65 4352454449545300    <1> it_credits: db 'CREDITS',0
  1106 00000F6D 4558495420544F2044- <1> it_exit:    db 'EXIT TO DOS',0
  1106 00000F76 4F5300              <1>
  1107 00000F79 537461727420612067- <1> ds_play:    db 'Start a game: pick a mode and a class.',0
  1107 00000F82 616D653A207069636B- <1>
  1107 00000F8B 2061206D6F64652061- <1>
  1107 00000F94 6E64206120636C6173- <1>
  1107 00000F9D 732E00              <1>
  1108 00000FA0 5365652077686F2062- <1> ds_credits: db 'See who built this game.',0
  1108 00000FA9 75696C742074686973- <1>
  1108 00000FB2 2067616D652E00      <1>
  1109 00000FB9 5175697420616E6420- <1> ds_exit:    db 'Quit and return to the DOS prompt.',0
  1109 00000FC2 72657475726E20746F- <1>
  1109 00000FCB 2074686520444F5320- <1>
  1109 00000FD4 70726F6D70742E00    <1>
  1110                              <1> 
  1111 00000FDC 56414E494C4C4100    <1> it_vanilla: db 'VANILLA',0
  1112 00000FE4 454E444C45535300    <1> it_endless: db 'ENDLESS',0
  1113 00000FEC 524150494400        <1> it_rapid:   db 'RAPID',0
  1114 00000FF2 4241434B00          <1> it_back:    db 'BACK',0
  1115 00000FF7 436C61737369632073- <1> ds_vanilla: db 'Classic sweep. Timer counts up.',0
  1115 00001000 776565702E2054696D- <1>
  1115 00001009 657220636F756E7473- <1>
  1115 00001012 2075702E00          <1>
  1116 00001017 52656C617865642073- <1> ds_endless: db 'Relaxed sweep. No time limit.',0
  1116 00001020 776565702E204E6F20- <1>
  1116 00001029 74696D65206C696D69- <1>
  1116 00001032 742E00              <1>
  1117 00001035 426561742074686520- <1> ds_rapid:   db 'Beat the 60 second countdown!',0
  1117 0000103E 3630207365636F6E64- <1>
  1117 00001047 20636F756E74646F77- <1>
  1117 00001050 6E2100              <1>
  1118 00001053 52657475726E20746F- <1> ds_modeBack: db 'Return to the main menu.',0
  1118 0000105C 20746865206D61696E- <1>
  1118 00001065 206D656E752E00      <1>
  1119                              <1> 
  1120 0000106C 54414E4B00          <1> it_tank:      db 'TANK',0
  1121 00001071 4D41474500          <1> it_mage:      db 'MAGE',0
  1122 00001076 415254494649434552- <1> it_artificer: db 'ARTIFICER',0
  1122 0000107F 00                  <1>
  1123 00001080 4162736F726273206F- <1> ds_tank:      db 'Absorbs one blast per level.',0
  1123 00001089 6E6520626C61737420- <1>
  1123 00001092 706572206C6576656C- <1>
  1123 0000109B 2E00                <1>
  1124 0000109D 507265737320532074- <1> ds_mage:      db 'Press S then click: scan a 3x3 area.',0
  1124 000010A6 68656E20636C69636B- <1>
  1124 000010AF 3A207363616E206120- <1>
  1124 000010B8 33783320617265612E- <1>
  1124 000010C1 00                  <1>
  1125 000010C2 436C61737320637572- <1> ds_artificer: db 'Class currently unavailable!',0
  1125 000010CB 72656E746C7920756E- <1>
  1125 000010D4 617661696C61626C65- <1>
  1125 000010DD 2100                <1>
  1126 000010DF 52657475726E20746F- <1> ds_classBack: db 'Return to gamemode select.',0
  1126 000010E8 2067616D656D6F6465- <1>
  1126 000010F1 2073656C6563742E00  <1>
  1127                              <1> 
  1128 000010FA 4D2049204E20452053- <1> msg_exit0:  db 'M I N E S W E E P E R',0
  1128 00001103 205720452045205020- <1>
  1128 0000110C 45205200            <1>
  1129 00001110 4D494E454649454C44- <1> msg_exit1:  db 'MINEFIELD SECURED. THANK YOU FOR SWEEPING.',0
  1129 00001119 20534543555245442E- <1>
  1129 00001122 205448414E4B20594F- <1>
  1129 0000112B 5520464F5220535745- <1>
  1129 00001134 4550494E472E00      <1>
  1130 0000113B 47524944205445524D- <1> msg_exit2:  db 'GRID TERMINATED - RETURNING TO DOS...',0
  1130 00001144 494E41544544202D20- <1>
  1130 0000114D 52455455524E494E47- <1>
  1130 00001156 20544F20444F532E2E- <1>
  1130 0000115F 2E00                <1>
    34                                  %include "src/credits.asm"      ; show_credits: team credits screen
     1                              <1> ; -------------------------------------------------------------------
     2                              <1> ; Credits screen: show_credits prints the team layout on the blue
     3                              <1> ; chrome (caller clears), waits for a silent keypress, returns.
     4                              <1> ; -------------------------------------------------------------------
     5                              <1> 
     6                              <1> show_credits:
     7 00001161 60                  <1>     pusha
     8 00001162 B502                <1>     mov ch,2                    ; black stage for the whole roster
     9 00001164 B60E                <1>     mov dh,14
    10 00001166 B700                <1>     mov bh,00h
    11 00001168 E885EF              <1>     call Band
    12 0000116B B601                <1>     mov dh,1
    13 0000116D B31E                <1>     mov bl,1Eh
    14 0000116F BE[E411]            <1>     mov si,msg_credits_title
    15 00001172 E82DF1              <1>     call PrintCRow
    16                              <1> 
    17 00001175 B31F                <1>     mov bl,1Fh                  ; framed block, column 18
    18 00001177 BE[F211]            <1>     mov si,msg_credits_frame
    19 0000117A B603                <1>     mov dh,3
    20 0000117C B212                <1>     mov dl,18
    21 0000117E E88DF0              <1>     call PrintA
    22 00001181 BE[1F12]            <1>     mov si,msg_credits_head
    23 00001184 B604                <1>     mov dh,4
    24 00001186 E885F0              <1>     call PrintA
    25 00001189 BE[4A12]            <1>     mov si,msg_credits_course
    26 0000118C B605                <1>     mov dh,5
    27 0000118E E87DF0              <1>     call PrintA
    28 00001191 BE[7512]            <1>     mov si,msg_credits_div
    29 00001194 B606                <1>     mov dh,6
    30 00001196 E875F0              <1>     call PrintA
    31                              <1> 
    32 00001199 BE[A212]            <1>     mov si,msg_credits_mem1
    33 0000119C B607                <1>     mov dh,7
    34 0000119E B212                <1>     mov dl,18
    35 000011A0 E86BF0              <1>     call PrintA
    36 000011A3 BE[CD12]            <1>     mov si,msg_credits_mem2
    37 000011A6 B608                <1>     mov dh,8
    38 000011A8 E863F0              <1>     call PrintA
    39 000011AB BE[F812]            <1>     mov si,msg_credits_mem3
    40 000011AE B609                <1>     mov dh,9
    41 000011B0 E85BF0              <1>     call PrintA
    42 000011B3 BE[2313]            <1>     mov si,msg_credits_mem4
    43 000011B6 B60A                <1>     mov dh,10
    44 000011B8 E853F0              <1>     call PrintA
    45 000011BB BE[4E13]            <1>     mov si,msg_credits_mem5
    46 000011BE B60B                <1>     mov dh,11
    47 000011C0 E84BF0              <1>     call PrintA
    48 000011C3 BE[7913]            <1>     mov si,msg_credits_mem6
    49 000011C6 B60C                <1>     mov dh,12
    50 000011C8 E843F0              <1>     call PrintA
    51                              <1> 
    52 000011CB BE[F211]            <1>     mov si,msg_credits_frame
    53 000011CE B60D                <1>     mov dh,13
    54 000011D0 B212                <1>     mov dl,18
    55 000011D2 E839F0              <1>     call PrintA
    56                              <1> 
    57 000011D5 B610                <1>     mov dh,16
    58 000011D7 B317                <1>     mov bl,17h
    59 000011D9 BE[A413]            <1>     mov si,msg_credits_key
    60 000011DC E8C3F0              <1>     call PrintCRow
    61 000011DF E8E2EF              <1>     call WaitKey
    62 000011E2 61                  <1>     popa
    63 000011E3 C3                  <1>     ret
    64                              <1> 
    65 000011E4 432052204520442049- <1> msg_credits_title:  db 'C R E D I T S',0
    65 000011ED 2054205300          <1>
    66 000011F2 3D3D3D3D3D3D3D3D3D- <1> msg_credits_frame:  db '============================================',0
    66 000011FB 3D3D3D3D3D3D3D3D3D- <1>
    66 00001204 3D3D3D3D3D3D3D3D3D- <1>
    66 0000120D 3D3D3D3D3D3D3D3D3D- <1>
    66 00001216 3D3D3D3D3D3D3D3D00  <1>
    67 0000121F 20204D2049204E2045- <1> msg_credits_head:   db '  M I N E S W E E P E R  -  DOS EDITION   ',0
    67 00001228 205320572045204520- <1>
    67 00001231 502045205220202D20- <1>
    67 0000123A 20444F532045444954- <1>
    67 00001243 494F4E20202000      <1>
    68 0000124A 20204353203030333A- <1> msg_credits_course: db '  CS 003: COMPUTER ARCH & ORGANIZATION    ',0
    68 00001253 20434F4D5055544552- <1>
    68 0000125C 20415243482026204F- <1>
    68 00001265 5247414E495A415449- <1>
    68 0000126E 4F4E2020202000      <1>
    69 00001275 2D2D2D2D2D2D2D2D2D- <1> msg_credits_div:    db '--------------------------------------------',0
    69 0000127E 2D2D2D2D2D2D2D2D2D- <1>
    69 00001287 2D2D2D2D2D2D2D2D2D- <1>
    69 00001290 2D2D2D2D2D2D2D2D2D- <1>
    69 00001299 2D2D2D2D2D2D2D2D00  <1>
    70 000012A2 20202D2042454A454E- <1> msg_credits_mem1:   db '  - BEJENO, JOSEPH FILBERT R.             ',0
    70 000012AB 4F2C204A4F53455048- <1>
    70 000012B4 2046494C4245525420- <1>
    70 000012BD 522E20202020202020- <1>
    70 000012C6 20202020202000      <1>
    71 000012CD 20202D20434142554E- <1> msg_credits_mem2:   db '  - CABUNOT, RHIANA DENISE D.             ',0
    71 000012D6 4F542C20524849414E- <1>
    71 000012DF 412044454E49534520- <1>
    71 000012E8 442E20202020202020- <1>
    71 000012F1 20202020202000      <1>
    72 000012F8 20202D20445543594F- <1> msg_credits_mem3:   db '  - DUCYOGEN, DON L.                      ',0
    72 00001301 47454E2C20444F4E20- <1>
    72 0000130A 4C2E20202020202020- <1>
    72 00001313 202020202020202020- <1>
    72 0000131C 20202020202000      <1>
    73 00001323 20202D205345504943- <1> msg_credits_mem4:   db '  - SEPICO, PATRICK MARCO C.              ',0
    73 0000132C 4F2C20504154524943- <1>
    73 00001335 4B204D4152434F2043- <1>
    73 0000133E 2E2020202020202020- <1>
    73 00001347 20202020202000      <1>
    74 0000134E 20202D2056494C4C41- <1> msg_credits_mem5:   db '  - VILLAFLOR, MARK JIRHO S.              ',0
    74 00001357 464C4F522C204D4152- <1>
    74 00001360 4B204A4952484F2053- <1>
    74 00001369 2E2020202020202020- <1>
    74 00001372 20202020202000      <1>
    75 00001379 20202D205942414E45- <1> msg_credits_mem6:   db '  - YBANEZ, JAMES ALDRED V.               ',0
    75 00001382 5A2C204A414D455320- <1>
    75 0000138B 414C4452454420562E- <1>
    75 00001394 202020202020202020- <1>
    75 0000139D 20202020202000      <1>
    76 000013A4 505245535320414E59- <1> msg_credits_key:    db 'PRESS ANY KEY TO RETURN',0
    76 000013AD 204B455920544F2052- <1>
    76 000013B6 455455524E00        <1>
    35                                  %include "src/palette.asm"      ; DAC palette setup
     1                              <1> ; -------------------------------------------------------------------
     2                              <1> ; Palette: gradient background (32..51), number colours (52..59),
     3                              <1> ; classic light/dark grey for tile faces and shadows (7, 8)
     4                              <1> ; -------------------------------------------------------------------
     5                              <1> SetPalette:
     6 000013BC 60                  <1>     pusha
     7 000013BD FC                  <1>     cld
     8 000013BE BAC803              <1>     mov dx,3C8h
     9 000013C1 B007                <1>     mov al,7
    10 000013C3 EE                  <1>     out dx,al
    11 000013C4 42                  <1>     inc dx
    12 000013C5 BE[DD1F]            <1>     mov si,PalGrays
    13 000013C8 B90600              <1>     mov cx,6
    14 000013CB F36E                <1>     rep outsb
    15                              <1> 
    16 000013CD 4A                  <1>     dec dx
    17 000013CE B020                <1>     mov al,32
    18 000013D0 EE                  <1>     out dx,al
    19 000013D1 42                  <1>     inc dx
    20 000013D2 30DB                <1>     xor bl,bl
    21 000013D4 B91400              <1>     mov cx,20
    22                              <1> .grad:
    23 000013D7 88D8                <1>     mov al,bl
    24 000013D9 C0E802              <1>     shr al,2
    25 000013DC 0403                <1>     add al,3                    ; R
    26 000013DE EE                  <1>     out dx,al
    27 000013DF 88D8                <1>     mov al,bl
    28 000013E1 D0E8                <1>     shr al,1
    29 000013E3 0406                <1>     add al,6                    ; G
    30 000013E5 EE                  <1>     out dx,al
    31 000013E6 88D8                <1>     mov al,bl
    32 000013E8 0410                <1>     add al,16                   ; B
    33 000013EA EE                  <1>     out dx,al
    34 000013EB FEC3                <1>     inc bl
    35 000013ED E2E8                <1>     loop .grad
    36                              <1> 
    37 000013EF 4A                  <1>     dec dx
    38 000013F0 B034                <1>     mov al,52
    39 000013F2 EE                  <1>     out dx,al
    40 000013F3 42                  <1>     inc dx
    41 000013F4 BE[E31F]            <1>     mov si,PalNums
    42 000013F7 B91800              <1>     mov cx,24
    43 000013FA F36E                <1>     rep outsb
    44 000013FC 61                  <1>     popa
    45 000013FD C3                  <1>     ret
    36                                  %include "src/game.asm"         ; board state, mines, reveal, win check
     1                              <1> ; -------------------------------------------------------------------
     2                              <1> ; Game state
     3                              <1> ; -------------------------------------------------------------------
     4                              <1> NewGame:
     5 000013FE 60                  <1>     pusha
     6 000013FF 1E                  <1>     push ds
     7 00001400 07                  <1>     pop es
     8 00001401 FC                  <1>     cld
     9 00001402 BF[E823]            <1>     mov di,Board
    10 00001405 B95100              <1>     mov cx,CELLS
    11 00001408 30C0                <1>     xor al,al
    12 0000140A F3AA                <1>     rep stosb
    13                              <1> 
    14 0000140C B400                <1>     mov ah,00h
    15 0000140E CD1A                <1>     int 1Ah
    16 00001410 3116[E623]          <1>     xor [RndSeed],dx
    17                              <1> 
    18 00001414 30DB                <1>     xor bl,bl                   ; mines placed
    19                              <1> .place:
    20 00001416 E86900              <1>     call GetRandom
    21 00001419 31D2                <1>     xor dx,dx
    22 0000141B B95100              <1>     mov cx,CELLS
    23 0000141E F7F1                <1>     div cx                      ; DX = 0..80
    24 00001420 89D6                <1>     mov si,dx
    25 00001422 F684[E823]01        <1>     test byte [Board+si],1
    26 00001427 75ED                <1>     jnz .place
    27 00001429 808C[E823]01        <1>     or byte [Board+si],1
    28 0000142E FEC3                <1>     inc bl
    29 00001430 80FB0A              <1>     cmp bl,TOTAL_MINES
    30 00001433 72E1                <1>     jb .place
    31                              <1> 
    32 00001435 E86A00              <1>     call ComputeNumbers
    33                              <1> 
    34 00001438 C606[DB23]00        <1>     mov byte [GameOver],0
    35 0000143D C606[DC23]00        <1>     mov byte [Started],0
    36 00001442 C606[DD23]00        <1>     mov byte [TimerOn],0
    37                              <1> 
    38                              <1>     ; Set timer depending on game mode
    39 00001447 803E[3924]02        <1>     cmp byte [CurrentMode],2        ; 2 = Rapid
    40 0000144C 7508                <1>     jne .normalTimer
    41                              <1> 
    42 0000144E C706[DE23]3C00      <1>     mov word [Seconds],60           ; temporary Rapid time limit
    43 00001454 EB06                <1>     jmp .timerSet
    44                              <1> 
    45                              <1> .normalTimer:
    46 00001456 C706[DE23]0000      <1>     mov word [Seconds],0            ; Vanilla / other modes count upward
    47                              <1> 
    48                              <1> .timerSet:
    49 0000145C C706[E023]0000      <1>     mov word [TickAcc],0
    50 00001462 C706[E423]FFFF      <1>     mov word [HitCell],0FFFFh
    51                              <1> 
    52                              <1>     ; character kit: fresh tank shield every level, scanner disarmed.
    53                              <1>     ; MageScans is intentionally NOT reset here - the mage gets one
    54                              <1>     ; scan per full session, granted at class selection.
    55 00001468 C606[3D24]00        <1>     mov byte [ScanArmed],0
    56 0000146D 803E[3A24]01        <1>     cmp byte [SelectedClass],1      ; tank
    57 00001472 7507                <1>     jne .noTankKit
    58 00001474 C606[3B24]01        <1>     mov byte [TankShield],1
    59 00001479 EB05                <1>     jmp .kitDone
    60                              <1> .noTankKit:
    61 0000147B C606[3B24]00        <1>     mov byte [TankShield],0
    62                              <1> .kitDone:
    63 00001480 61                  <1>     popa
    64 00001481 C3                  <1>     ret
    65                              <1> 
    66                              <1> GetRandom:
    67 00001482 52                  <1>     push dx
    68 00001483 A1[E623]            <1>     mov ax,[RndSeed]
    69 00001486 BA5562              <1>     mov dx,25173
    70 00001489 F7E2                <1>     mul dx
    71 0000148B 051936              <1>     add ax,13849
    72 0000148E A3[E623]            <1>     mov [RndSeed],ax
    73 00001491 5A                  <1>     pop dx
    74 00001492 C3                  <1>     ret
    75                              <1> 
    76                              <1> ; BH=row BL=col -> SI = index   (AX preserved)
    77                              <1> CellIndex:
    78 00001493 50                  <1>     push ax
    79 00001494 88F8                <1>     mov al,bh
    80 00001496 B409                <1>     mov ah,GRID_COLS
    81 00001498 F6E4                <1>     mul ah
    82 0000149A 00D8                <1>     add al,bl
    83 0000149C 30E4                <1>     xor ah,ah
    84 0000149E 89C6                <1>     mov si,ax
    85 000014A0 58                  <1>     pop ax
    86 000014A1 C3                  <1>     ret
    87                              <1> 
    88                              <1> ; Fill high nibble of every safe cell with its neighbour-mine count
    89                              <1> ComputeNumbers:
    90 000014A2 60                  <1>     pusha
    91 000014A3 31F6                <1>     xor si,si
    92 000014A5 30ED                <1>     xor ch,ch
    93                              <1> .r:
    94 000014A7 30C9                <1>     xor cl,cl
    95                              <1> .c:
    96 000014A9 80A4[E823]0F        <1>     and byte [Board+si],0Fh
    97 000014AE F684[E823]01        <1>     test byte [Board+si],1
    98 000014B3 750A                <1>     jnz .n
    99 000014B5 E81800              <1>     call CountMines
   100 000014B8 C0E004              <1>     shl al,4
   101 000014BB 0884[E823]          <1>     or [Board+si],al
   102                              <1> .n:
   103 000014BF 46                  <1>     inc si
   104 000014C0 FEC1                <1>     inc cl
   105 000014C2 80F909              <1>     cmp cl,GRID_COLS
   106 000014C5 72E2                <1>     jb .c
   107 000014C7 FEC5                <1>     inc ch
   108 000014C9 80FD09              <1>     cmp ch,GRID_ROWS
   109 000014CC 72D9                <1>     jb .r
   110 000014CE 61                  <1>     popa
   111 000014CF C3                  <1>     ret
   112                              <1> 
   113                              <1> ; CH=row CL=col -> AL = mines around
   114                              <1> CountMines:
   115 000014D0 53                  <1>     push bx
   116 000014D1 52                  <1>     push dx
   117 000014D2 56                  <1>     push si
   118 000014D3 30D2                <1>     xor dl,dl
   119 000014D5 88EF                <1>     mov bh,ch
   120 000014D7 FECF                <1>     dec bh
   121                              <1> .lr:
   122 000014D9 80FF00              <1>     cmp bh,0
   123 000014DC 7C29                <1>     jl .nr
   124 000014DE 80FF09              <1>     cmp bh,GRID_ROWS
   125 000014E1 7D24                <1>     jge .nr
   126 000014E3 88CB                <1>     mov bl,cl
   127 000014E5 FECB                <1>     dec bl
   128                              <1> .lc:
   129 000014E7 80FB00              <1>     cmp bl,0
   130 000014EA 7C11                <1>     jl .nc
   131 000014EC 80FB09              <1>     cmp bl,GRID_COLS
   132 000014EF 7D0C                <1>     jge .nc
   133 000014F1 E89FFF              <1>     call CellIndex
   134 000014F4 F684[E823]01        <1>     test byte [Board+si],1
   135 000014F9 7402                <1>     jz .nc
   136 000014FB FEC2                <1>     inc dl
   137                              <1> .nc:
   138 000014FD FEC3                <1>     inc bl
   139 000014FF 88C8                <1>     mov al,cl
   140 00001501 FEC0                <1>     inc al
   141 00001503 38C3                <1>     cmp bl,al
   142 00001505 7EE0                <1>     jle .lc
   143                              <1> .nr:
   144 00001507 FEC7                <1>     inc bh
   145 00001509 88E8                <1>     mov al,ch
   146 0000150B FEC0                <1>     inc al
   147 0000150D 38C7                <1>     cmp bh,al
   148 0000150F 7EC8                <1>     jle .lr
   149 00001511 88D0                <1>     mov al,dl
   150 00001513 5E                  <1>     pop si
   151 00001514 5A                  <1>     pop dx
   152 00001515 5B                  <1>     pop bx
   153 00001516 C3                  <1>     ret
   154                              <1> 
   155                              <1> ; First click must never be a mine: move it to the first free cell
   156                              <1> ; SI = clicked cell
   157                              <1> RelocateMine:
   158 00001517 60                  <1>     pusha
   159 00001518 31DB                <1>     xor bx,bx
   160                              <1> .find:
   161 0000151A F687[E823]01        <1>     test byte [Board+bx],1
   162 0000151F 7403                <1>     jz .found
   163 00001521 43                  <1>     inc bx
   164 00001522 EBF6                <1>     jmp .find
   165                              <1> .found:
   166 00001524 808F[E823]01        <1>     or byte [Board+bx],1
   167 00001529 80A4[E823]FE        <1>     and byte [Board+si],0FEh
   168 0000152E E871FF              <1>     call ComputeNumbers
   169 00001531 61                  <1>     popa
   170 00001532 C3                  <1>     ret
   171                              <1> 
   172                              <1> ; Flood fill.  BH=row BL=col
   173                              <1> RevealCell:
   174 00001533 60                  <1>     pusha
   175 00001534 E85CFF              <1>     call CellIndex
   176 00001537 F684[E823]06        <1>     test byte [Board+si],6      ; opened or flagged
   177 0000153C 7546                <1>     jnz .done
   178 0000153E 808C[E823]02        <1>     or byte [Board+si],2
   179 00001543 8A84[E823]          <1>     mov al,[Board+si]
   180 00001547 24F0                <1>     and al,0F0h
   181 00001549 7539                <1>     jnz .done                   ; has neighbour mines -> stop
   182 0000154B 88FE                <1>     mov dh,bh
   183 0000154D FECE                <1>     dec dh
   184                              <1> .rr:
   185 0000154F 80FE00              <1>     cmp dh,0
   186 00001552 7C26                <1>     jl .rn
   187 00001554 80FE09              <1>     cmp dh,GRID_ROWS
   188 00001557 7D21                <1>     jge .rn
   189 00001559 88DA                <1>     mov dl,bl
   190 0000155B FECA                <1>     dec dl
   191                              <1> .cc:
   192 0000155D 80FA00              <1>     cmp dl,0
   193 00001560 7C0E                <1>     jl .cn
   194 00001562 80FA09              <1>     cmp dl,GRID_COLS
   195 00001565 7D09                <1>     jge .cn
   196 00001567 53                  <1>     push bx
   197 00001568 88F7                <1>     mov bh,dh
   198 0000156A 88D3                <1>     mov bl,dl
   199 0000156C E8C4FF              <1>     call RevealCell
   200 0000156F 5B                  <1>     pop bx
   201                              <1> .cn:
   202 00001570 FEC2                <1>     inc dl
   203 00001572 88D8                <1>     mov al,bl
   204 00001574 FEC0                <1>     inc al
   205 00001576 38C2                <1>     cmp dl,al
   206 00001578 7EE3                <1>     jle .cc
   207                              <1> .rn:
   208 0000157A FEC6                <1>     inc dh
   209 0000157C 88F8                <1>     mov al,bh
   210 0000157E FEC0                <1>     inc al
   211 00001580 38C6                <1>     cmp dh,al
   212 00001582 7ECB                <1>     jle .rr
   213                              <1> .done:
   214 00001584 61                  <1>     popa
   215 00001585 C3                  <1>     ret
   216                              <1> 
   217                              <1> RevealMines:                    ; show all un-flagged mines
   218 00001586 60                  <1>     pusha
   219 00001587 31F6                <1>     xor si,si
   220                              <1> .l:
   221 00001589 8A84[E823]          <1>     mov al,[Board+si]
   222 0000158D A801                <1>     test al,1
   223 0000158F 7409                <1>     jz .n
   224 00001591 A804                <1>     test al,4
   225 00001593 7505                <1>     jnz .n
   226 00001595 808C[E823]02        <1>     or byte [Board+si],2
   227                              <1> .n:
   228 0000159A 46                  <1>     inc si
   229 0000159B 83FE51              <1>     cmp si,CELLS
   230 0000159E 72E9                <1>     jb .l
   231 000015A0 61                  <1>     popa
   232 000015A1 C3                  <1>     ret
   233                              <1> 
   234                              <1> CheckWin:
   235 000015A2 60                  <1>     pusha
   236 000015A3 31F6                <1>     xor si,si
   237                              <1> .l:
   238 000015A5 8A84[E823]          <1>     mov al,[Board+si]
   239 000015A9 A801                <1>     test al,1
   240 000015AB 7504                <1>     jnz .n
   241 000015AD A802                <1>     test al,2
   242 000015AF 742A                <1>     jz .out                     ; a safe tile is still closed
   243                              <1> .n:
   244 000015B1 46                  <1>     inc si
   245 000015B2 83FE51              <1>     cmp si,CELLS
   246 000015B5 72EE                <1>     jb .l
   247 000015B7 C606[DB23]02        <1>     mov byte [GameOver],2       ; won
   248 000015BC C606[DD23]00        <1>     mov byte [TimerOn],0
   249 000015C1 31F6                <1>     xor si,si
   250                              <1> .f:
   251 000015C3 F684[E823]01        <1>     test byte [Board+si],1      ; flag every mine
   252 000015C8 7405                <1>     jz .fn
   253 000015CA 808C[E823]04        <1>     or byte [Board+si],4
   254                              <1> .fn:
   255 000015CF 46                  <1>     inc si
   256 000015D0 83FE51              <1>     cmp si,CELLS
   257 000015D3 72EE                <1>     jb .f
   258 000015D5 BE[7D23]            <1>     mov si,SfxWin               ; board cleared: victory fanfare
   259 000015D8 E89D01              <1>     call StartSfx
   260                              <1> .out:
   261 000015DB 61                  <1>     popa
   262 000015DC C3                  <1>     ret
   263                              <1> 
   264                              <1> ; -------------------------------------------------------------------
   265                              <1> ; ScanArea: mage remote scan.  Marks (flags) every mine in the 3x3
   266                              <1> ; around DH:DL (row:col) purely in memory - never runs detonation
   267                              <1> ; logic.  Off-board neighbours are skipped, already-flagged mines
   268                              <1> ; stay flagged.
   269                              <1> ; -------------------------------------------------------------------
   270                              <1> ScanArea:
   271 000015DD 60                  <1>     pusha
   272 000015DE 88F0                <1>     mov al,dh
   273 000015E0 30E4                <1>     xor ah,ah
   274 000015E2 89C5                <1>     mov bp,ax                   ; centre row
   275 000015E4 88D0                <1>     mov al,dl
   276 000015E6 30E4                <1>     xor ah,ah
   277 000015E8 89C7                <1>     mov di,ax                   ; centre col
   278 000015EA BEFFFF              <1>     mov si,-1                   ; dy
   279                              <1> .dyloop:
   280 000015ED BAFFFF              <1>     mov dx,-1                   ; dx
   281                              <1> .dxloop:
   282 000015F0 89E8                <1>     mov ax,bp
   283 000015F2 01F0                <1>     add ax,si                   ; r = row + dy
   284 000015F4 89FB                <1>     mov bx,di
   285 000015F6 01D3                <1>     add bx,dx                   ; c = col + dx
   286 000015F8 83F800              <1>     cmp ax,0
   287 000015FB 7C29                <1>     jl .next
   288 000015FD 83F809              <1>     cmp ax,GRID_ROWS
   289 00001600 7D24                <1>     jge .next
   290 00001602 83FB00              <1>     cmp bx,0
   291 00001605 7C1F                <1>     jl .next
   292 00001607 83FB09              <1>     cmp bx,GRID_COLS
   293 0000160A 7D1A                <1>     jge .next
   294 0000160C 89C1                <1>     mov cx,ax
   295 0000160E 01C9                <1>     add cx,cx
   296 00001610 01C9                <1>     add cx,cx
   297 00001612 01C9                <1>     add cx,cx
   298 00001614 01C1                <1>     add cx,ax                   ; cx = 9r
   299 00001616 01D9                <1>     add cx,bx                   ; cx = 9r + c
   300 00001618 89CB                <1>     mov bx,cx
   301 0000161A F687[E823]01        <1>     test byte [Board+bx],1      ; a mine?
   302 0000161F 7405                <1>     jz .next
   303 00001621 808F[E823]04        <1>     or byte [Board+bx],4        ; mark it with the flag bit
   304                              <1> .next:
   305 00001626 42                  <1>     inc dx
   306 00001627 83FA01              <1>     cmp dx,1
   307 0000162A 7EC4                <1>     jle .dxloop
   308 0000162C 46                  <1>     inc si
   309 0000162D 83FE01              <1>     cmp si,1
   310 00001630 7EBB                <1>     jle .dyloop
   311 00001632 61                  <1>     popa
   312 00001633 C3                  <1>     ret
    37                                  %include "src/timer.asm"        ; seconds counter on BIOS ticks
     1                              <1> ; -------------------------------------------------------------------
     2                              <1> ; Timer (BIOS ticks: 18.2/s -> 5 units per tick, 91 units per second)
     3                              <1> ; -------------------------------------------------------------------
     4                              <1> UpdateTimer:
     5 00001634 60                  <1>     pusha
     6 00001635 B400                <1>     mov ah,00h
     7 00001637 CD1A                <1>     int 1Ah
     8 00001639 89D0                <1>     mov ax,dx
     9 0000163B 2B06[E223]          <1>     sub ax,[LastTick]
    10 0000163F 0F848900            <1>     jz .done
    11 00001643 8916[E223]          <1>     mov [LastTick],dx
    12 00001647 803E[3F24]00        <1>     cmp byte [KitMsgT],0        ; transient kit message timing
    13 0000164C 7409                <1>     je .noKitTick
    14 0000164E FE0E[3F24]          <1>     dec byte [KitMsgT]
    15 00001652 7503                <1>     jnz .noKitTick
    16 00001654 E81806              <1>     call Redraw                 ; expired: restore the normal status
    17                              <1> .noKitTick:
    18 00001657 50                  <1>     push ax
    19 00001658 E87300              <1>     call MusicStep              ; AX = ticks elapsed
    20 0000165B 58                  <1>     pop ax
    21 0000165C 803E[DD23]00        <1>     cmp byte [TimerOn],0
    22 00001661 7469                <1>     je .done
    23 00001663 BB0500              <1>     mov bx,5
    24 00001666 F7E3                <1>     mul bx
    25 00001668 0106[E023]          <1>     add [TickAcc],ax
    26 0000166C 30DB                <1>     xor bl,bl
    27                              <1> .sec:
    28 0000166E 833E[E023]5B        <1>     cmp word [TickAcc],91
    29 00001673 7250                <1>     jb .chk
    30 00001675 832E[E023]5B        <1>     sub word [TickAcc],91
    31                              <1>     ; Rapid mode counts down instead of up
    32 0000167A 803E[3924]02        <1>     cmp byte [CurrentMode],2
    33 0000167F 7410                <1>     je .rapid
    34                              <1> 
    35                              <1>     ; Normal timer for Vanilla / other modes
    36 00001681 813E[DE23]E703      <1>     cmp word [Seconds],999
    37 00001687 73E5                <1>     jae .sec
    38 00001689 FF06[DE23]          <1>     inc word [Seconds]
    39 0000168D B301                <1>     mov bl,1
    40 0000168F EBDD                <1>     jmp .sec
    41                              <1> 
    42                              <1> .rapid:
    43 00001691 833E[DE23]00        <1>     cmp word [Seconds],0
    44 00001696 740F                <1>     je .rapidTimeout
    45                              <1> 
    46 00001698 FF0E[DE23]          <1>     dec word [Seconds]
    47 0000169C B301                <1>     mov bl,1
    48                              <1> 
    49 0000169E 833E[DE23]00        <1>     cmp word [Seconds],0
    50 000016A3 7402                <1>     je .rapidTimeout
    51                              <1> 
    52 000016A5 EBC7                <1>     jmp .sec
    53                              <1> 
    54                              <1> .rapidTimeout:
    55 000016A7 C606[DB23]01        <1>     mov byte [GameOver],1
    56 000016AC C606[DD23]00        <1>     mov byte [TimerOn],0
    57 000016B1 C706[E423]FFFF      <1>     mov word [HitCell],0FFFFh
    58                              <1> 
    59 000016B7 E8CCFE              <1>     call RevealMines
    60 000016BA E8B205              <1>     call Redraw
    61                              <1> 
    62 000016BD BE[2923]            <1>     mov si,SfxBoom
    63 000016C0 E8B500              <1>     call StartSfx
    64                              <1> 
    65 000016C3 EB07                <1>     jmp .done
    66                              <1> 
    67                              <1> .chk:
    68 000016C5 08DB                <1>     or bl,bl
    69 000016C7 7403                <1>     jz .done
    70 000016C9 E8BC05              <1>     call DrawTimer
    71                              <1> .done:
    72 000016CC 61                  <1>     popa
    73 000016CD C3                  <1>     ret
    38                                  %include "src/audio.asm"        ; PC speaker engine (music + effects)
     1                              <1> ; -------------------------------------------------------------------
     2                              <1> ; Sound engine: one-shot effects (SfxBoom / SfxWin) on the PC speaker
     3                              <1> ; (PIT channel 2, port 61h gate).  An effect takes the speaker over,
     4                              <1> ; stopping the music, and the tune picks up again from Riff 1 when the
     5                              <1> ; effect has finished.  Song and effect entries share one format:
     6                              <1> ; (frequency Hz, ticks); 0 Hz = rest; 0FFFFh = loop back / stop.
     7                              <1> ; -------------------------------------------------------------------
     8                              <1> MusicStep:                      ; AX = BIOS ticks since last call
     9 000016CE 60                  <1>     pusha
    10 000016CF 803E[B223]00        <1>     cmp byte [SfxOn],0
    11 000016D4 741D                <1>     je .music
    12 000016D6 8B1E[B523]          <1>     mov bx,[SfxLeft]            ; --- effect playing ---
    13 000016DA 39D8                <1>     cmp ax,bx
    14 000016DC 7205                <1>     jb .sfxhold
    15 000016DE E85C00              <1>     call SfxAdvance             ; effect note finished -> next one
    16 000016E1 EB58                <1>     jmp .done
    17                              <1> .sfxhold:
    18 000016E3 29C3                <1>     sub bx,ax
    19 000016E5 891E[B523]          <1>     mov [SfxLeft],bx
    20 000016E9 83FB01              <1>     cmp bx,1
    21 000016EC 774D                <1>     ja .done
    22 000016EE E8D300              <1>     call SpeakerOff             ; last tick of an effect note
    23 000016F1 EB48                <1>     jmp .done
    24                              <1> 
    25                              <1> .music:
    26 000016F3 803E[AD23]00        <1>     cmp byte [MusicOn],0
    27 000016F8 7441                <1>     je .done
    28 000016FA 8B1E[AE23]          <1>     mov bx,[NoteLeft]
    29 000016FE 39D8                <1>     cmp ax,bx
    30 00001700 7310                <1>     jae .next                   ; current note finished
    31 00001702 29C3                <1>     sub bx,ax
    32 00001704 891E[AE23]          <1>     mov [NoteLeft],bx
    33 00001708 83FB01              <1>     cmp bx,1
    34 0000170B 772E                <1>     ja .done
    35 0000170D E8B400              <1>     call SpeakerOff             ; last tick of a note = short gap
    36 00001710 EB29                <1>     jmp .done
    37                              <1> .next:
    38 00001712 8B36[B023]          <1>     mov si,[MusicPtr]
    39 00001716 8B1C                <1>     mov bx,[si]
    40 00001718 83FBFF              <1>     cmp bx,0FFFFh
    41 0000171B 7505                <1>     jne .play
    42 0000171D BE[4921]            <1>     mov si,SongTable            ; end of tune -> loop
    43 00001720 8B1C                <1>     mov bx,[si]
    44                              <1> .play:
    45 00001722 8B4402              <1>     mov ax,[si+2]
    46 00001725 A3[AE23]            <1>     mov [NoteLeft],ax
    47 00001728 83C604              <1>     add si,4
    48 0000172B 8936[B023]          <1>     mov [MusicPtr],si
    49 0000172F 09DB                <1>     or bx,bx
    50 00001731 7405                <1>     jz .rest
    51 00001733 E87100              <1>     call SpeakerOn
    52 00001736 EB03                <1>     jmp .done
    53                              <1> .rest:
    54 00001738 E88900              <1>     call SpeakerOff
    55                              <1> .done:
    56 0000173B 61                  <1>     popa
    57 0000173C C3                  <1>     ret
    58                              <1> 
    59                              <1> ; Pull the next entry of the running effect.  When the table ends the
    60                              <1> ; effect is over and the tune restarts from Riff 1 (unless muted).
    61                              <1> SfxAdvance:
    62 0000173D 60                  <1>     pusha
    63 0000173E 8B36[B323]          <1>     mov si,[SfxPtr]
    64 00001742 8B1C                <1>     mov bx,[si]
    65 00001744 83FBFF              <1>     cmp bx,0FFFFh
    66 00001747 741B                <1>     je .end
    67 00001749 8B4402              <1>     mov ax,[si+2]
    68 0000174C A3[B523]            <1>     mov [SfxLeft],ax
    69 0000174F 83C604              <1>     add si,4
    70 00001752 8936[B323]          <1>     mov [SfxPtr],si
    71 00001756 09DB                <1>     or bx,bx
    72 00001758 7405                <1>     jz .rest
    73 0000175A E84A00              <1>     call SpeakerOn
    74 0000175D 61                  <1>     popa
    75 0000175E C3                  <1>     ret
    76                              <1> .rest:
    77 0000175F E86200              <1>     call SpeakerOff
    78 00001762 61                  <1>     popa
    79 00001763 C3                  <1>     ret
    80                              <1> .end:
    81 00001764 C606[B223]00        <1>     mov byte [SfxOn],0
    82 00001769 C706[AE23]0000      <1>     mov word [NoteLeft],0
    83 0000176F BE[4921]            <1>     mov si,SongTable
    84 00001772 8936[B023]          <1>     mov [MusicPtr],si
    85 00001776 61                  <1>     popa
    86 00001777 C3                  <1>     ret
    87                              <1> 
    88                              <1> ; Start effect whose table address is in SI (music is silenced first)
    89                              <1> StartSfx:
    90 00001778 53                  <1>     push bx
    91 00001779 56                  <1>     push si
    92 0000177A E84700              <1>     call SpeakerOff
    93 0000177D 8936[B323]          <1>     mov [SfxPtr],si
    94 00001781 C606[B223]01        <1>     mov byte [SfxOn],1
    95 00001786 E8B4FF              <1>     call SfxAdvance
    96 00001789 5E                  <1>     pop si
    97 0000178A 5B                  <1>     pop bx
    98 0000178B C3                  <1>     ret
    99                              <1> 
   100                              <1> ToggleMusic:
   101 0000178C 8036[AD23]01        <1>     xor byte [MusicOn],1
   102 00001791 C706[AE23]0000      <1>     mov word [NoteLeft],0
   103 00001797 803E[AD23]00        <1>     cmp byte [MusicOn],0
   104 0000179C 7508                <1>     jne .r
   105 0000179E C606[B223]00        <1>     mov byte [SfxOn],0
   106 000017A3 E81E00              <1>     call SpeakerOff
   107                              <1> .r:
   108 000017A6 C3                  <1>     ret
    39                                  %include "src/pcspeaker.asm"    ; PIT / port 61h hardware layer
     1                              <1> ; -------------------------------------------------------------------
     2                              <1> ; PC speaker hardware driver: PIT channel 2 (ports 42h/43h) plus the
     3                              <1> ; port 61h gate.  SpeakerOn takes the frequency in Hz in BX.
     4                              <1> ;
     5                              <1> ; This is the only module that touches the speaker hardware; the
     6                              <1> ; sequencing logic in audio.asm is written against these two calls.
     7                              <1> ; -------------------------------------------------------------------
     8                              <1> SpeakerOn:
     9 000017A7 BA1200              <1>     mov dx,0012h
    10 000017AA B8DE34              <1>     mov ax,34DEh                ; DX:AX = 1193182 (PIT clock)
    11 000017AD F7F3                <1>     div bx                      ; AX = PIT divisor
    12 000017AF 89C3                <1>     mov bx,ax
    13 000017B1 B0B6                <1>     mov al,0B6h                 ; channel 2, lo/hi, square wave
    14 000017B3 E643                <1>     out 43h,al
    15 000017B5 88D8                <1>     mov al,bl
    16 000017B7 E642                <1>     out 42h,al
    17 000017B9 88F8                <1>     mov al,bh
    18 000017BB E642                <1>     out 42h,al
    19 000017BD E461                <1>     in al,61h
    20 000017BF 0C03                <1>     or al,3                     ; gate + speaker on
    21 000017C1 E661                <1>     out 61h,al
    22 000017C3 C3                  <1>     ret
    23                              <1> 
    24                              <1> SpeakerOff:
    25 000017C4 E461                <1>     in al,61h
    26 000017C6 24FC                <1>     and al,0FCh
    27 000017C8 E661                <1>     out 61h,al
    28 000017CA C3                  <1>     ret
    40                                  %include "src/input.asm"        ; mouse click handling
     1                              <1> ; -------------------------------------------------------------------
     2                              <1> ; Mouse click handling.  MouseX/MouseY = pixel, PrevMouse = buttons
     3                              <1> ; -------------------------------------------------------------------
     4                              <1> HandleClick:
     5 000017CB 60                  <1>     pusha
     6                              <1> 
     7                              <1>     ; --- face button (new game) ---
     8 000017CC A1[D623]            <1>     mov ax,[MouseX]
     9 000017CF 3D9500              <1>     cmp ax,149
    10 000017D2 7C21                <1>     jl .board
    11 000017D4 3DAB00              <1>     cmp ax,171
    12 000017D7 7D1C                <1>     jge .board
    13 000017D9 A1[D823]            <1>     mov ax,[MouseY]
    14 000017DC 83F80C              <1>     cmp ax,12
    15 000017DF 7C14                <1>     jl .board
    16 000017E1 83F822              <1>     cmp ax,34
    17 000017E4 7D0F                <1>     jge .board
    18 000017E6 F606[DA23]01        <1>     test byte [PrevMouse],1
    19 000017EB 0F840C01            <1>     jz .out
    20 000017EF E8CBE8              <1>     call DoRestart
    21 000017F2 E90601              <1>     jmp .out
    22                              <1> 
    23                              <1>     ; --- board ---
    24                              <1> .board:
    25 000017F5 803E[DB23]00        <1>     cmp byte [GameOver],0
    26 000017FA 0F85FD00            <1>     jne .out
    27                              <1> 
    28 000017FE A1[D623]            <1>     mov ax,[MouseX]
    29 00001801 83E858              <1>     sub ax,START_X
    30 00001804 0F8CF300            <1>     jl .out
    31 00001808 3D9000              <1>     cmp ax,GRID_COLS*16
    32 0000180B 0F8DEC00            <1>     jge .out
    33 0000180F C1E804              <1>     shr ax,4
    34 00001812 88C2                <1>     mov dl,al                   ; column
    35 00001814 A1[D823]            <1>     mov ax,[MouseY]
    36 00001817 83E82D              <1>     sub ax,START_Y
    37 0000181A 0F8CDD00            <1>     jl .out
    38 0000181E 3D9000              <1>     cmp ax,GRID_ROWS*16
    39 00001821 0F8DD600            <1>     jge .out
    40 00001825 C1E804              <1>     shr ax,4
    41 00001828 88C6                <1>     mov dh,al                   ; row
    42                              <1> 
    43 0000182A 88F7                <1>     mov bh,dh
    44 0000182C 88D3                <1>     mov bl,dl
    45 0000182E E862FC              <1>     call CellIndex              ; SI = cell index
    46                              <1> 
    47 00001831 F606[DA23]01        <1>     test byte [PrevMouse],1
    48 00001836 750C                <1>     jnz .left
    49 00001838 F606[DA23]02        <1>     test byte [PrevMouse],2
    50 0000183D 0F85AB00            <1>     jnz .right
    51 00001841 E9B700              <1>     jmp .out
    52                              <1> 
    53                              <1> .left:
    54 00001844 803E[3D24]00        <1>     cmp byte [ScanArmed],0      ; mage scanner armed?
    55 00001849 7423                <1>     je .plainLeft
    56 0000184B C606[3D24]00        <1>     mov byte [ScanArmed],0
    57 00001850 803E[3C24]00        <1>     cmp byte [MageScans],0
    58 00001855 7417                <1>     je .plainLeft               ; no charges: click opens normally
    59 00001857 FE0E[3C24]          <1>     dec byte [MageScans]
    60 0000185B C606[3E24]02        <1>     mov byte [KitMsgN],2        ; "SCANNED!" for a moment
    61 00001860 C606[3F24]24        <1>     mov byte [KitMsgT],36
    62 00001865 E875FD              <1>     call ScanArea               ; DH:DL still hold the target cell
    63 00001868 E80404              <1>     call Redraw
    64 0000186B E98D00              <1>     jmp .out
    65                              <1> .plainLeft:
    66 0000186E F684[E823]06        <1>     test byte [Board+si],6      ; flagged or already open
    67 00001873 0F858400            <1>     jnz .out
    68 00001877 803E[DC23]00        <1>     cmp byte [Started],0
    69 0000187C 751A                <1>     jne .go
    70 0000187E C606[DC23]01        <1>     mov byte [Started],1        ; first click: start timer, be safe
    71 00001883 C606[DD23]01        <1>     mov byte [TimerOn],1
    72 00001888 C706[E023]0000      <1>     mov word [TickAcc],0
    73 0000188E F684[E823]01        <1>     test byte [Board+si],1
    74 00001893 7403                <1>     jz .go
    75 00001895 E87FFC              <1>     call RelocateMine
    76                              <1> .go:
    77 00001898 F684[E823]01        <1>     test byte [Board+si],1
    78 0000189D 750B                <1>     jnz .boom
    79 0000189F E891FC              <1>     call RevealCell
    80 000018A2 E8FDFC              <1>     call CheckWin
    81 000018A5 E8C703              <1>     call Redraw
    82 000018A8 EB51                <1>     jmp .out
    83                              <1> .boom:
    84 000018AA 803E[3A24]01        <1>     cmp byte [SelectedClass],1  ; tank with a shield left?
    85 000018AF 751F                <1>     jne .realBoom
    86 000018B1 803E[3B24]00        <1>     cmp byte [TankShield],0
    87 000018B6 7418                <1>     je .realBoom
    88 000018B8 FE0E[3B24]          <1>     dec byte [TankShield]       ; absorb the blast...
    89 000018BC 808C[E823]04        <1>     or byte [Board+si],4        ; ...and pin the mine: flag stays down
    90 000018C1 C606[3E24]01        <1>     mov byte [KitMsgN],1        ; "SHIELD!" for a moment
    91 000018C6 C606[3F24]24        <1>     mov byte [KitMsgT],36
    92 000018CB E8A103              <1>     call Redraw
    93 000018CE EB2B                <1>     jmp .out
    94                              <1> .realBoom:
    95 000018D0 C606[DB23]01        <1>     mov byte [GameOver],1
    96 000018D5 C606[DD23]00        <1>     mov byte [TimerOn],0
    97 000018DA 8936[E423]          <1>     mov [HitCell],si
    98 000018DE E8A5FC              <1>     call RevealMines
    99 000018E1 E88B03              <1>     call Redraw
   100 000018E4 BE[2923]            <1>     mov si,SfxBoom
   101 000018E7 E88EFE              <1>     call StartSfx
   102 000018EA EB0F                <1>     jmp .out
   103                              <1> 
   104                              <1> .right:
   105 000018EC F684[E823]02        <1>     test byte [Board+si],2      ; can't flag an open tile
   106 000018F1 7508                <1>     jnz .out
   107 000018F3 80B4[E823]04        <1>     xor byte [Board+si],4       ; toggle flag
   108 000018F8 E87403              <1>     call Redraw
   109                              <1> 
   110                              <1> .out:
   111 000018FB 61                  <1>     popa
   112 000018FC C3                  <1>     ret
    41                                  %include "src/video.asm"        ; FillRect/bevel/sprite/glyph primitives
     1                              <1> ; -------------------------------------------------------------------
     2                              <1> ; Drawing primitives
     3                              <1> ; -------------------------------------------------------------------
     4                              <1> ; FillRect: AX=x BX=y CX=w DX=h, colour in [FillCol]
     5                              <1> FillRect:
     6 000018FD 60                  <1>     pusha
     7 000018FE 06                  <1>     push es
     8 000018FF FC                  <1>     cld
     9 00001900 89DF                <1>     mov di,bx
    10 00001902 C1E708              <1>     shl di,8
    11 00001905 C1E306              <1>     shl bx,6
    12 00001908 01DF                <1>     add di,bx
    13 0000190A 01C7                <1>     add di,ax                   ; DI = y*320 + x
    14 0000190C B800A0              <1>     mov ax,0A000h
    15 0000190F 8EC0                <1>     mov es,ax
    16 00001911 A0[B723]            <1>     mov al,[FillCol]
    17 00001914 89D5                <1>     mov bp,dx
    18 00001916 09ED                <1>     or bp,bp
    19 00001918 740D                <1>     jz .end
    20                              <1> .row:
    21 0000191A 57                  <1>     push di
    22 0000191B 51                  <1>     push cx
    23 0000191C F3AA                <1>     rep stosb
    24 0000191E 59                  <1>     pop cx
    25 0000191F 5F                  <1>     pop di
    26 00001920 81C74001            <1>     add di,320
    27 00001924 4D                  <1>     dec bp
    28 00001925 75F3                <1>     jnz .row
    29                              <1> .end:
    30 00001927 07                  <1>     pop es
    31 00001928 61                  <1>     popa
    32 00001929 C3                  <1>     ret
    33                              <1> 
    34                              <1> ; DrawBevel: AX=x BX=y CX=w DX=h ; [BevTL] [BevBR] [BevFace]
    35                              <1> DrawBevel:
    36 0000192A 60                  <1>     pusha
    37 0000192B A3[BB23]            <1>     mov [BvX],ax
    38 0000192E 891E[BD23]          <1>     mov [BvY],bx
    39 00001932 890E[BF23]          <1>     mov [BvW],cx
    40 00001936 8916[C123]          <1>     mov [BvH],dx
    41                              <1> 
    42 0000193A A0[B923]            <1>     mov al,[BevBR]              ; whole rect in bottom/right colour
    43 0000193D A2[B723]            <1>     mov [FillCol],al
    44 00001940 A1[BB23]            <1>     mov ax,[BvX]
    45 00001943 8B1E[BD23]          <1>     mov bx,[BvY]
    46 00001947 8B0E[BF23]          <1>     mov cx,[BvW]
    47 0000194B 8B16[C123]          <1>     mov dx,[BvH]
    48 0000194F E8ABFF              <1>     call FillRect
    49                              <1> 
    50 00001952 A0[B823]            <1>     mov al,[BevTL]              ; top/left highlight
    51 00001955 A2[B723]            <1>     mov [FillCol],al
    52 00001958 A1[BB23]            <1>     mov ax,[BvX]
    53 0000195B 8B1E[BD23]          <1>     mov bx,[BvY]
    54 0000195F 8B0E[BF23]          <1>     mov cx,[BvW]
    55 00001963 83E902              <1>     sub cx,2
    56 00001966 8B16[C123]          <1>     mov dx,[BvH]
    57 0000196A 83EA02              <1>     sub dx,2
    58 0000196D E88DFF              <1>     call FillRect
    59                              <1> 
    60 00001970 A0[BA23]            <1>     mov al,[BevFace]            ; face
    61 00001973 A2[B723]            <1>     mov [FillCol],al
    62 00001976 A1[BB23]            <1>     mov ax,[BvX]
    63 00001979 83C002              <1>     add ax,2
    64 0000197C 8B1E[BD23]          <1>     mov bx,[BvY]
    65 00001980 83C302              <1>     add bx,2
    66 00001983 8B0E[BF23]          <1>     mov cx,[BvW]
    67 00001987 83E904              <1>     sub cx,4
    68 0000198A 8B16[C123]          <1>     mov dx,[BvH]
    69 0000198E 83EA04              <1>     sub dx,4
    70 00001991 E869FF              <1>     call FillRect
    71 00001994 61                  <1>     popa
    72 00001995 C3                  <1>     ret
    73                              <1> 
    74                              <1> ; DrawRects: SI -> list of (x,y,w,h,colour), 0FFh ends.
    75                              <1> ; Coordinates are relative to [OrgX],[OrgY]
    76                              <1> DrawRects:
    77 00001996 60                  <1>     pusha
    78 00001997 FC                  <1>     cld
    79                              <1> .next:
    80 00001998 AC                  <1>     lodsb
    81 00001999 3CFF                <1>     cmp al,0FFh
    82 0000199B 7424                <1>     je .done
    83 0000199D 30E4                <1>     xor ah,ah
    84 0000199F 0306[C323]          <1>     add ax,[OrgX]
    85 000019A3 50                  <1>     push ax
    86 000019A4 AC                  <1>     lodsb
    87 000019A5 30E4                <1>     xor ah,ah
    88 000019A7 0306[C523]          <1>     add ax,[OrgY]
    89 000019AB 89C3                <1>     mov bx,ax
    90 000019AD AC                  <1>     lodsb
    91 000019AE 30E4                <1>     xor ah,ah
    92 000019B0 89C1                <1>     mov cx,ax
    93 000019B2 AC                  <1>     lodsb
    94 000019B3 30E4                <1>     xor ah,ah
    95 000019B5 89C2                <1>     mov dx,ax
    96 000019B7 AC                  <1>     lodsb
    97 000019B8 A2[B723]            <1>     mov [FillCol],al
    98 000019BB 58                  <1>     pop ax
    99 000019BC E83EFF              <1>     call FillRect
   100 000019BF EBD7                <1>     jmp .next
   101                              <1> .done:
   102 000019C1 61                  <1>     popa
   103 000019C2 C3                  <1>     ret
   104                              <1> 
   105                              <1> ; DrawGlyph: AL = digit 0..9, [GlX],[GlY] top-left, [GlS] scale, [GlC] colour
   106                              <1> DrawGlyph:
   107 000019C3 60                  <1>     pusha
   108 000019C4 30E4                <1>     xor ah,ah
   109 000019C6 89C6                <1>     mov si,ax
   110 000019C8 C1E002              <1>     shl ax,2
   111 000019CB 01C6                <1>     add si,ax                   ; digit * 5
   112 000019CD 81C6[0320]          <1>     add si,Font3x5
   113 000019D1 A0[CE23]            <1>     mov al,[GlC]
   114 000019D4 A2[B723]            <1>     mov [FillCol],al
   115 000019D7 8B2E[CB23]          <1>     mov bp,[GlY]
   116 000019DB C606[D023]05        <1>     mov byte [GlRows],5
   117                              <1> .row:
   118 000019E0 AC                  <1>     lodsb
   119 000019E1 A2[CF23]            <1>     mov [GlBits],al
   120 000019E4 8B3E[C923]          <1>     mov di,[GlX]
   121 000019E8 C606[D123]03        <1>     mov byte [GlCols],3
   122                              <1> .col:
   123 000019ED F606[CF23]04        <1>     test byte [GlBits],4
   124 000019F2 740F                <1>     jz .skip
   125 000019F4 89F8                <1>     mov ax,di
   126 000019F6 89EB                <1>     mov bx,bp
   127 000019F8 30ED                <1>     xor ch,ch
   128 000019FA 8A0E[CD23]          <1>     mov cl,[GlS]
   129 000019FE 89CA                <1>     mov dx,cx
   130 00001A00 E8FAFE              <1>     call FillRect
   131                              <1> .skip:
   132 00001A03 D026[CF23]          <1>     shl byte [GlBits],1
   133 00001A07 30E4                <1>     xor ah,ah
   134 00001A09 A0[CD23]            <1>     mov al,[GlS]
   135 00001A0C 01C7                <1>     add di,ax
   136 00001A0E FE0E[D123]          <1>     dec byte [GlCols]
   137 00001A12 75D9                <1>     jnz .col
   138 00001A14 30E4                <1>     xor ah,ah
   139 00001A16 A0[CD23]            <1>     mov al,[GlS]
   140 00001A19 01C5                <1>     add bp,ax
   141 00001A1B FE0E[D023]          <1>     dec byte [GlRows]
   142 00001A1F 75BF                <1>     jnz .row
   143 00001A21 61                  <1>     popa
   144 00001A22 C3                  <1>     ret
   145                              <1> 
   146                              <1> ; PrintAt: DH=row DL=col BL=colour SI=zero-terminated string (BIOS text)
   147                              <1> PrintAt:
   148 00001A23 60                  <1>     pusha
   149 00001A24 B402                <1>     mov ah,02h
   150 00001A26 30FF                <1>     xor bh,bh
   151 00001A28 CD10                <1>     int 10h
   152                              <1> .ch:
   153 00001A2A AC                  <1>     lodsb
   154 00001A2B 08C0                <1>     or al,al
   155 00001A2D 7406                <1>     jz .done
   156 00001A2F B40E                <1>     mov ah,0Eh
   157 00001A31 CD10                <1>     int 10h
   158 00001A33 EBF5                <1>     jmp .ch
   159                              <1> .done:
   160 00001A35 61                  <1>     popa
   161 00001A36 C3                  <1>     ret
    42                                  %include "src/ui.asm"           ; board, header, face, status rendering
     1                              <1> ; -------------------------------------------------------------------
     2                              <1> ; Screen composition
     3                              <1> ; -------------------------------------------------------------------
     4                              <1> DrawBackground:
     5 00001A37 60                  <1>     pusha
     6 00001A38 31F6                <1>     xor si,si
     7 00001A3A 31DB                <1>     xor bx,bx
     8                              <1> .b:
     9 00001A3C 89F0                <1>     mov ax,si
    10 00001A3E 0420                <1>     add al,32
    11 00001A40 A2[B723]            <1>     mov [FillCol],al
    12 00001A43 31C0                <1>     xor ax,ax
    13 00001A45 B94001              <1>     mov cx,320
    14 00001A48 BA0A00              <1>     mov dx,10
    15 00001A4B E8AFFE              <1>     call FillRect
    16 00001A4E 83C30A              <1>     add bx,10
    17 00001A51 46                  <1>     inc si
    18 00001A52 83FE14              <1>     cmp si,20
    19 00001A55 72E5                <1>     jb .b
    20 00001A57 61                  <1>     popa
    21 00001A58 C3                  <1>     ret
    22                              <1> 
    23                              <1> DrawStatic:
    24 00001A59 60                  <1>     pusha
    25 00001A5A E8DAFF              <1>     call DrawBackground
    26                              <1> 
    27 00001A5D C606[B723]00        <1>     mov byte [FillCol],0        ; window drop shadow
    28 00001A62 B85500              <1>     mov ax,85
    29 00001A65 BB0700              <1>     mov bx,7
    30 00001A68 B99E00              <1>     mov cx,158
    31 00001A6B BAC100              <1>     mov dx,193
    32 00001A6E E88CFE              <1>     call FillRect
    33                              <1> 
    34                              <1>     BEVEL 1,81,3,158,193,7      ; window
    16 00001A71 C606[BA23]07        <2>  mov byte [BevFace],%6
    17                              <2>  %if %1
    18 00001A76 C606[B823]0F        <2>  mov byte [BevTL],15
    19 00001A7B C606[B923]08        <2>  mov byte [BevBR],8
    20                              <2>  %else
    21                              <2>  mov byte [BevTL],8
    22                              <2>  mov byte [BevBR],15
    23                              <2>  %endif
    24 00001A80 B85100              <2>  mov ax,%2
    25 00001A83 BB0300              <2>  mov bx,%3
    26 00001A86 B99E00              <2>  mov cx,%4
    27 00001A89 BAC100              <2>  mov dx,%5
    28 00001A8C E89BFE              <2>  call DrawBevel
    35                              <1>     BEVEL 0,86,8,148,30,7       ; header panel
    16 00001A8F C606[BA23]07        <2>  mov byte [BevFace],%6
    17                              <2>  %if %1
    18                              <2>  mov byte [BevTL],15
    19                              <2>  mov byte [BevBR],8
    20                              <2>  %else
    21 00001A94 C606[B823]08        <2>  mov byte [BevTL],8
    22 00001A99 C606[B923]0F        <2>  mov byte [BevBR],15
    23                              <2>  %endif
    24 00001A9E B85600              <2>  mov ax,%2
    25 00001AA1 BB0800              <2>  mov bx,%3
    26 00001AA4 B99400              <2>  mov cx,%4
    27 00001AA7 BA1E00              <2>  mov dx,%5
    28 00001AAA E87DFE              <2>  call DrawBevel
    36                              <1>     BEVEL 0,86,43,148,148,7     ; board frame
    16 00001AAD C606[BA23]07        <2>  mov byte [BevFace],%6
    17                              <2>  %if %1
    18                              <2>  mov byte [BevTL],15
    19                              <2>  mov byte [BevBR],8
    20                              <2>  %else
    21 00001AB2 C606[B823]08        <2>  mov byte [BevTL],8
    22 00001AB7 C606[B923]0F        <2>  mov byte [BevBR],15
    23                              <2>  %endif
    24 00001ABC B85600              <2>  mov ax,%2
    25 00001ABF BB2B00              <2>  mov bx,%3
    26 00001AC2 B99400              <2>  mov cx,%4
    27 00001AC5 BA9400              <2>  mov dx,%5
    28 00001AC8 E85FFE              <2>  call DrawBevel
    37                              <1> 
    38                              <1>     TXT 1,1,14,'MINE'
    33 00001ACB EB05                <2>  jmp short %%skip
    34 00001ACD 4D494E4500          <2> %%str: db %4,0
    35                              <2> %%skip:
    36 00001AD2 B601                <2>  mov dh,%1
    37 00001AD4 B201                <2>  mov dl,%2
    38 00001AD6 B30E                <2>  mov bl,%3
    39 00001AD8 BE[CD1A]            <2>  mov si,%%str
    40 00001ADB E845FF              <2>  call PrintAt
    39                              <1>     TXT 2,1,14,'SWEEPER'
    33 00001ADE EB08                <2>  jmp short %%skip
    34 00001AE0 5357454550455200    <2> %%str: db %4,0
    35                              <2> %%skip:
    36 00001AE8 B602                <2>  mov dh,%1
    37 00001AEA B201                <2>  mov dl,%2
    38 00001AEC B30E                <2>  mov bl,%3
    39 00001AEE BE[E01A]            <2>  mov si,%%str
    40 00001AF1 E82FFF              <2>  call PrintAt
    40                              <1>     TXT 5,1,15,'CONTROLS'
    33 00001AF4 EB09                <2>  jmp short %%skip
    34 00001AF6 434F4E54524F4C5300  <2> %%str: db %4,0
    35                              <2> %%skip:
    36 00001AFF B605                <2>  mov dh,%1
    37 00001B01 B201                <2>  mov dl,%2
    38 00001B03 B30F                <2>  mov bl,%3
    39 00001B05 BE[F61A]            <2>  mov si,%%str
    40 00001B08 E818FF              <2>  call PrintAt
    41                              <1>     TXT 7,1,11,'L-Click'
    33 00001B0B EB08                <2>  jmp short %%skip
    34 00001B0D 4C2D436C69636B00    <2> %%str: db %4,0
    35                              <2> %%skip:
    36 00001B15 B607                <2>  mov dh,%1
    37 00001B17 B201                <2>  mov dl,%2
    38 00001B19 B30B                <2>  mov bl,%3
    39 00001B1B BE[0D1B]            <2>  mov si,%%str
    40 00001B1E E802FF              <2>  call PrintAt
    42                              <1>     TXT 8,1,7,'open tile'
    33 00001B21 EB0A                <2>  jmp short %%skip
    34 00001B23 6F70656E2074696C65- <2> %%str: db %4,0
    34 00001B2C 00                  <2>
    35                              <2> %%skip:
    36 00001B2D B608                <2>  mov dh,%1
    37 00001B2F B201                <2>  mov dl,%2
    38 00001B31 B307                <2>  mov bl,%3
    39 00001B33 BE[231B]            <2>  mov si,%%str
    40 00001B36 E8EAFE              <2>  call PrintAt
    43                              <1>     TXT 10,1,11,'R-Click'
    33 00001B39 EB08                <2>  jmp short %%skip
    34 00001B3B 522D436C69636B00    <2> %%str: db %4,0
    35                              <2> %%skip:
    36 00001B43 B60A                <2>  mov dh,%1
    37 00001B45 B201                <2>  mov dl,%2
    38 00001B47 B30B                <2>  mov bl,%3
    39 00001B49 BE[3B1B]            <2>  mov si,%%str
    40 00001B4C E8D4FE              <2>  call PrintAt
    44                              <1>     TXT 11,1,7,'flag tile'
    33 00001B4F EB0A                <2>  jmp short %%skip
    34 00001B51 666C61672074696C65- <2> %%str: db %4,0
    34 00001B5A 00                  <2>
    35                              <2> %%skip:
    36 00001B5B B60B                <2>  mov dh,%1
    37 00001B5D B201                <2>  mov dl,%2
    38 00001B5F B307                <2>  mov bl,%3
    39 00001B61 BE[511B]            <2>  mov si,%%str
    40 00001B64 E8BCFE              <2>  call PrintAt
    45                              <1>     TXT 13,1,11,'R / Face'
    33 00001B67 EB09                <2>  jmp short %%skip
    34 00001B69 52202F204661636500  <2> %%str: db %4,0
    35                              <2> %%skip:
    36 00001B72 B60D                <2>  mov dh,%1
    37 00001B74 B201                <2>  mov dl,%2
    38 00001B76 B30B                <2>  mov bl,%3
    39 00001B78 BE[691B]            <2>  mov si,%%str
    40 00001B7B E8A5FE              <2>  call PrintAt
    46                              <1>     TXT 14,1,7,'new game'
    33 00001B7E EB09                <2>  jmp short %%skip
    34 00001B80 6E65772067616D6500  <2> %%str: db %4,0
    35                              <2> %%skip:
    36 00001B89 B60E                <2>  mov dh,%1
    37 00001B8B B201                <2>  mov dl,%2
    38 00001B8D B307                <2>  mov bl,%3
    39 00001B8F BE[801B]            <2>  mov si,%%str
    40 00001B92 E88EFE              <2>  call PrintAt
    47                              <1>     TXT 16,1,11,'ESC'
    33 00001B95 EB04                <2>  jmp short %%skip
    34 00001B97 45534300            <2> %%str: db %4,0
    35                              <2> %%skip:
    36 00001B9B B610                <2>  mov dh,%1
    37 00001B9D B201                <2>  mov dl,%2
    38 00001B9F B30B                <2>  mov bl,%3
    39 00001BA1 BE[971B]            <2>  mov si,%%str
    40 00001BA4 E87CFE              <2>  call PrintAt
    48                              <1>     TXT 17,1,7,'menu'
    33 00001BA7 EB05                <2>  jmp short %%skip
    34 00001BA9 6D656E7500          <2> %%str: db %4,0
    35                              <2> %%skip:
    36 00001BAE B611                <2>  mov dh,%1
    37 00001BB0 B201                <2>  mov dl,%2
    38 00001BB2 B307                <2>  mov bl,%3
    39 00001BB4 BE[A91B]            <2>  mov si,%%str
    40 00001BB7 E869FE              <2>  call PrintAt
    49                              <1>     TXT 19,1,11,'M'
    33 00001BBA EB02                <2>  jmp short %%skip
    34 00001BBC 4D00                <2> %%str: db %4,0
    35                              <2> %%skip:
    36 00001BBE B613                <2>  mov dh,%1
    37 00001BC0 B201                <2>  mov dl,%2
    38 00001BC2 B30B                <2>  mov bl,%3
    39 00001BC4 BE[BC1B]            <2>  mov si,%%str
    40 00001BC7 E859FE              <2>  call PrintAt
    50                              <1>     TXT 20,1,7,'music'
    33 00001BCA EB06                <2>  jmp short %%skip
    34 00001BCC 6D7573696300        <2> %%str: db %4,0
    35                              <2> %%skip:
    36 00001BD2 B614                <2>  mov dh,%1
    37 00001BD4 B201                <2>  mov dl,%2
    38 00001BD6 B307                <2>  mov bl,%3
    39 00001BD8 BE[CC1B]            <2>  mov si,%%str
    40 00001BDB E845FE              <2>  call PrintAt
    51                              <1> 
    52                              <1>     TXT 1,31,15,'STATUS'
    33 00001BDE EB07                <2>  jmp short %%skip
    34 00001BE0 53544154555300      <2> %%str: db %4,0
    35                              <2> %%skip:
    36 00001BE7 B601                <2>  mov dh,%1
    37 00001BE9 B21F                <2>  mov dl,%2
    38 00001BEB B30F                <2>  mov bl,%3
    39 00001BED BE[E01B]            <2>  mov si,%%str
    40 00001BF0 E830FE              <2>  call PrintAt
    53                              <1>     TXT 6,31,15,'BOARD'
    33 00001BF3 EB06                <2>  jmp short %%skip
    34 00001BF5 424F41524400        <2> %%str: db %4,0
    35                              <2> %%skip:
    36 00001BFB B606                <2>  mov dh,%1
    37 00001BFD B21F                <2>  mov dl,%2
    38 00001BFF B30F                <2>  mov bl,%3
    39 00001C01 BE[F51B]            <2>  mov si,%%str
    40 00001C04 E81CFE              <2>  call PrintAt
    54                              <1>     TXT 7,31,7,'9x9 grid'
    33 00001C07 EB09                <2>  jmp short %%skip
    34 00001C09 397839206772696400  <2> %%str: db %4,0
    35                              <2> %%skip:
    36 00001C12 B607                <2>  mov dh,%1
    37 00001C14 B21F                <2>  mov dl,%2
    38 00001C16 B307                <2>  mov bl,%3
    39 00001C18 BE[091C]            <2>  mov si,%%str
    40 00001C1B E805FE              <2>  call PrintAt
    55                              <1>     TXT 8,31,7,'10 mines'
    33 00001C1E EB09                <2>  jmp short %%skip
    34 00001C20 3130206D696E657300  <2> %%str: db %4,0
    35                              <2> %%skip:
    36 00001C29 B608                <2>  mov dh,%1
    37 00001C2B B21F                <2>  mov dl,%2
    38 00001C2D B307                <2>  mov bl,%3
    39 00001C2F BE[201C]            <2>  mov si,%%str
    40 00001C32 E8EEFD              <2>  call PrintAt
    56                              <1>     TXT 10,31,15,'CLASS'
    33 00001C35 EB06                <2>  jmp short %%skip
    34 00001C37 434C41535300        <2> %%str: db %4,0
    35                              <2> %%skip:
    36 00001C3D B60A                <2>  mov dh,%1
    37 00001C3F B21F                <2>  mov dl,%2
    38 00001C41 B30F                <2>  mov bl,%3
    39 00001C43 BE[371C]            <2>  mov si,%%str
    40 00001C46 E8DAFD              <2>  call PrintAt
    57                              <1> 
    58 00001C49 803E[3A24]01        <1>     cmp byte [SelectedClass],1  ; class name under it
    59 00001C4E 7505                <1>     jne .clsMage
    60 00001C50 BE[7E1F]            <1>     mov si,StrClsTank
    61 00001C53 EB0F                <1>     jmp .clsDraw
    62                              <1> .clsMage:
    63 00001C55 803E[3A24]02        <1>     cmp byte [SelectedClass],2
    64 00001C5A 7505                <1>     jne .clsNone
    65 00001C5C BE[831F]            <1>     mov si,StrClsMage
    66 00001C5F EB03                <1>     jmp .clsDraw
    67                              <1> .clsNone:
    68 00001C61 BE[881F]            <1>     mov si,StrClsNone
    69                              <1> .clsDraw:
    70 00001C64 B60B                <1>     mov dh,11
    71 00001C66 B21F                <1>     mov dl,31
    72 00001C68 B30E                <1>     mov bl,14
    73 00001C6A E8B6FD              <1>     call PrintAt
    74 00001C6D 61                  <1>     popa
    75 00001C6E C3                  <1>     ret
    76                              <1> 
    77                              <1> Redraw:
    78 00001C6F 60                  <1>     pusha
    79                              <1>     HIDEM
     5 00001C70 B80200              <2>  mov ax,2
     6 00001C73 CD33                <2>  int 33h
    80 00001C75 E82600              <1>     call RenderBoard
    81 00001C78 E80E01              <1>     call DrawHeader
    82 00001C7B E82102              <1>     call DrawStatus
    83 00001C7E E89502              <1>     call DrawKit
    84                              <1>     SHOWM
    10 00001C81 B80100              <2>  mov ax,1
    11 00001C84 CD33                <2>  int 33h
    85 00001C86 61                  <1>     popa
    86 00001C87 C3                  <1>     ret
    87                              <1> 
    88                              <1> DrawTimer:
    89 00001C88 60                  <1>     pusha
    90                              <1>     HIDEM
     5 00001C89 B80200              <2>  mov ax,2
     6 00001C8C CD33                <2>  int 33h
    91 00001C8E A1[DE23]            <1>     mov ax,[Seconds]
    92 00001C91 BFBE00              <1>     mov di,190
    93 00001C94 E81E01              <1>     call DrawLed
    94                              <1>     SHOWM
    10 00001C97 B80100              <2>  mov ax,1
    11 00001C9A CD33                <2>  int 33h
    95 00001C9C 61                  <1>     popa
    96 00001C9D C3                  <1>     ret
    97                              <1> 
    98                              <1> RenderBoard:
    99 00001C9E 60                  <1>     pusha
   100 00001C9F 31F6                <1>     xor si,si
   101 00001CA1 30ED                <1>     xor ch,ch
   102                              <1> .row:
   103 00001CA3 30C9                <1>     xor cl,cl
   104                              <1> .col:
   105 00001CA5 88C8                <1>     mov al,cl
   106 00001CA7 30E4                <1>     xor ah,ah
   107 00001CA9 C1E004              <1>     shl ax,4
   108 00001CAC 83C058              <1>     add ax,START_X
   109 00001CAF A3[C323]            <1>     mov [OrgX],ax
   110 00001CB2 88E8                <1>     mov al,ch
   111 00001CB4 30E4                <1>     xor ah,ah
   112 00001CB6 C1E004              <1>     shl ax,4
   113 00001CB9 83C02D              <1>     add ax,START_Y
   114 00001CBC A3[C523]            <1>     mov [OrgY],ax
   115 00001CBF 8A84[E823]          <1>     mov al,[Board+si]
   116 00001CC3 E81100              <1>     call DrawCell
   117 00001CC6 46                  <1>     inc si
   118 00001CC7 FEC1                <1>     inc cl
   119 00001CC9 80F909              <1>     cmp cl,GRID_COLS
   120 00001CCC 72D7                <1>     jb .col
   121 00001CCE FEC5                <1>     inc ch
   122 00001CD0 80FD09              <1>     cmp ch,GRID_ROWS
   123 00001CD3 72CE                <1>     jb .row
   124 00001CD5 61                  <1>     popa
   125 00001CD6 C3                  <1>     ret
   126                              <1> 
   127                              <1> ; AL = cell byte, SI = cell index, tile origin in [OrgX],[OrgY]
   128                              <1> DrawCell:
   129 00001CD7 60                  <1>     pusha
   130 00001CD8 A2[C723]            <1>     mov [CellVal],al
   131 00001CDB A802                <1>     test al,2
   132 00001CDD 7530                <1>     jnz .opened
   133                              <1> 
   134                              <1>     BEVEL 1,[OrgX],[OrgY],16,16,7     ; raised, unopened tile
    16 00001CDF C606[BA23]07        <2>  mov byte [BevFace],%6
    17                              <2>  %if %1
    18 00001CE4 C606[B823]0F        <2>  mov byte [BevTL],15
    19 00001CE9 C606[B923]08        <2>  mov byte [BevBR],8
    20                              <2>  %else
    21                              <2>  mov byte [BevTL],8
    22                              <2>  mov byte [BevBR],15
    23                              <2>  %endif
    24 00001CEE A1[C323]            <2>  mov ax,%2
    25 00001CF1 8B1E[C523]          <2>  mov bx,%3
    26 00001CF5 B91000              <2>  mov cx,%4
    27 00001CF8 BA1000              <2>  mov dx,%5
    28 00001CFB E82CFC              <2>  call DrawBevel
   135 00001CFE F606[C723]04        <1>     test byte [CellVal],4
   136 00001D03 0F848000            <1>     jz .out
   137 00001D07 BE[3520]            <1>     mov si,FlagRects
   138 00001D0A E889FC              <1>     call DrawRects
   139 00001D0D EB78                <1>     jmp .out
   140                              <1> 
   141                              <1> .opened:
   142 00001D0F B007                <1>     mov al,7
   143 00001D11 3B36[E423]          <1>     cmp si,[HitCell]
   144 00001D15 7502                <1>     jne .col
   145 00001D17 B00C                <1>     mov al,12                   ; the mine you stepped on
   146                              <1> .col:
   147 00001D19 A2[C823]            <1>     mov [CellCol],al
   148 00001D1C C606[B723]08        <1>     mov byte [FillCol],8        ; thin dark border
   149 00001D21 A1[C323]            <1>     mov ax,[OrgX]
   150 00001D24 8B1E[C523]          <1>     mov bx,[OrgY]
   151 00001D28 B91000              <1>     mov cx,16
   152 00001D2B BA1000              <1>     mov dx,16
   153 00001D2E E8CCFB              <1>     call FillRect
   154 00001D31 A0[C823]            <1>     mov al,[CellCol]
   155 00001D34 A2[B723]            <1>     mov [FillCol],al
   156 00001D37 A1[C323]            <1>     mov ax,[OrgX]
   157 00001D3A 40                  <1>     inc ax
   158 00001D3B 8B1E[C523]          <1>     mov bx,[OrgY]
   159 00001D3F 43                  <1>     inc bx
   160 00001D40 B90F00              <1>     mov cx,15
   161 00001D43 BA0F00              <1>     mov dx,15
   162 00001D46 E8B4FB              <1>     call FillRect
   163                              <1> 
   164 00001D49 A0[C723]            <1>     mov al,[CellVal]
   165 00001D4C A801                <1>     test al,1
   166 00001D4E 7408                <1>     jz .number
   167 00001D50 BE[6820]            <1>     mov si,MineRects
   168 00001D53 E840FC              <1>     call DrawRects
   169 00001D56 EB2F                <1>     jmp .out
   170                              <1> .number:
   171 00001D58 C0E804              <1>     shr al,4
   172 00001D5B 742A                <1>     jz .out
   173 00001D5D 88C3                <1>     mov bl,al
   174 00001D5F 30FF                <1>     xor bh,bh
   175 00001D61 8A97[FA1F]          <1>     mov dl,[NumColors+bx-1]
   176 00001D65 8816[CE23]          <1>     mov [GlC],dl
   177 00001D69 C606[CD23]02        <1>     mov byte [GlS],2
   178 00001D6E 8B16[C323]          <1>     mov dx,[OrgX]
   179 00001D72 83C205              <1>     add dx,5
   180 00001D75 8916[C923]          <1>     mov [GlX],dx
   181 00001D79 8B16[C523]          <1>     mov dx,[OrgY]
   182 00001D7D 83C203              <1>     add dx,3
   183 00001D80 8916[CB23]          <1>     mov [GlY],dx
   184 00001D84 E83CFC              <1>     call DrawGlyph
   185                              <1> .out:
   186 00001D87 61                  <1>     popa
   187 00001D88 C3                  <1>     ret
   188                              <1> 
   189                              <1> DrawHeader:
   190 00001D89 60                  <1>     pusha
   191 00001D8A 31C9                <1>     xor cx,cx                   ; count flags
   192 00001D8C 31F6                <1>     xor si,si
   193                              <1> .cnt:
   194 00001D8E F684[E823]04        <1>     test byte [Board+si],4
   195 00001D93 7401                <1>     jz .nx
   196 00001D95 41                  <1>     inc cx
   197                              <1> .nx:
   198 00001D96 46                  <1>     inc si
   199 00001D97 83FE51              <1>     cmp si,CELLS
   200 00001D9A 72F2                <1>     jb .cnt
   201 00001D9C B80A00              <1>     mov ax,TOTAL_MINES
   202 00001D9F 29C8                <1>     sub ax,cx                   ; mines left (may go negative)
   203 00001DA1 BF5B00              <1>     mov di,91
   204 00001DA4 E80E00              <1>     call DrawLed
   205 00001DA7 A1[DE23]            <1>     mov ax,[Seconds]
   206 00001DAA BFBE00              <1>     mov di,190
   207 00001DAD E80500              <1>     call DrawLed
   208 00001DB0 E8A200              <1>     call DrawFace
   209 00001DB3 61                  <1>     popa
   210 00001DB4 C3                  <1>     ret
   211                              <1> 
   212                              <1> ; LED counter: AX = signed value, DI = box x
   213                              <1> DrawLed:
   214 00001DB5 60                  <1>     pusha
   215 00001DB6 A3[D223]            <1>     mov [LedVal],ax
   216 00001DB9 893E[D423]          <1>     mov [LedX],di
   217                              <1>     BEVEL 0,di,12,39,21,0
    16 00001DBD C606[BA23]00        <2>  mov byte [BevFace],%6
    17                              <2>  %if %1
    18                              <2>  mov byte [BevTL],15
    19                              <2>  mov byte [BevBR],8
    20                              <2>  %else
    21 00001DC2 C606[B823]08        <2>  mov byte [BevTL],8
    22 00001DC7 C606[B923]0F        <2>  mov byte [BevBR],15
    23                              <2>  %endif
    24 00001DCC 89F8                <2>  mov ax,%2
    25 00001DCE BB0C00              <2>  mov bx,%3
    26 00001DD1 B92700              <2>  mov cx,%4
    27 00001DD4 BA1500              <2>  mov dx,%5
    28 00001DD7 E850FB              <2>  call DrawBevel
   218                              <1> 
   219 00001DDA C606[CD23]03        <1>     mov byte [GlS],3
   220 00001DDF C606[CE23]0C        <1>     mov byte [GlC],12
   221 00001DE4 C706[CB23]0F00      <1>     mov word [GlY],15
   222 00001DEA 8B1E[D423]          <1>     mov bx,[LedX]
   223 00001DEE 83C303              <1>     add bx,3
   224 00001DF1 891E[C923]          <1>     mov [GlX],bx
   225 00001DF5 A1[D223]            <1>     mov ax,[LedVal]
   226 00001DF8 09C0                <1>     or ax,ax
   227 00001DFA 792B                <1>     jns .pos
   228 00001DFC F7D8                <1>     neg ax
   229 00001DFE 83F863              <1>     cmp ax,99
   230 00001E01 7603                <1>     jbe .negok
   231 00001E03 B86300              <1>     mov ax,99
   232                              <1> .negok:
   233 00001E06 A3[D223]            <1>     mov [LedVal],ax
   234 00001E09 C606[B723]0C        <1>     mov byte [FillCol],12       ; minus sign
   235 00001E0E A1[C923]            <1>     mov ax,[GlX]
   236 00001E11 BB1500              <1>     mov bx,21
   237 00001E14 B90900              <1>     mov cx,9
   238 00001E17 BA0300              <1>     mov dx,3
   239 00001E1A E8E0FA              <1>     call FillRect
   240 00001E1D 8306[C923]0C        <1>     add word [GlX],12
   241 00001E22 A1[D223]            <1>     mov ax,[LedVal]
   242 00001E25 EB19                <1>     jmp .two
   243                              <1> .pos:
   244 00001E27 3DE703              <1>     cmp ax,999
   245 00001E2A 7603                <1>     jbe .three
   246 00001E2C B8E703              <1>     mov ax,999
   247                              <1> .three:
   248 00001E2F 31D2                <1>     xor dx,dx
   249 00001E31 BB6400              <1>     mov bx,100
   250 00001E34 F7F3                <1>     div bx
   251 00001E36 52                  <1>     push dx
   252 00001E37 E889FB              <1>     call DrawGlyph
   253 00001E3A 8306[C923]0C        <1>     add word [GlX],12
   254 00001E3F 58                  <1>     pop ax
   255                              <1> .two:
   256 00001E40 B30A                <1>     mov bl,10
   257 00001E42 F6F3                <1>     div bl                      ; AL tens, AH ones
   258 00001E44 50                  <1>     push ax
   259 00001E45 E87BFB              <1>     call DrawGlyph
   260 00001E48 8306[C923]0C        <1>     add word [GlX],12
   261 00001E4D 58                  <1>     pop ax
   262 00001E4E 88E0                <1>     mov al,ah
   263 00001E50 E870FB              <1>     call DrawGlyph
   264 00001E53 61                  <1>     popa
   265 00001E54 C3                  <1>     ret
   266                              <1> 
   267                              <1> DrawFace:
   268 00001E55 60                  <1>     pusha
   269                              <1>     BEVEL 1,149,12,22,22,7
    16 00001E56 C606[BA23]07        <2>  mov byte [BevFace],%6
    17                              <2>  %if %1
    18 00001E5B C606[B823]0F        <2>  mov byte [BevTL],15
    19 00001E60 C606[B923]08        <2>  mov byte [BevBR],8
    20                              <2>  %else
    21                              <2>  mov byte [BevTL],8
    22                              <2>  mov byte [BevBR],15
    23                              <2>  %endif
    24 00001E65 B89500              <2>  mov ax,%2
    25 00001E68 BB0C00              <2>  mov bx,%3
    26 00001E6B B91600              <2>  mov cx,%4
    27 00001E6E BA1600              <2>  mov dx,%5
    28 00001E71 E8B6FA              <2>  call DrawBevel
   270 00001E74 C706[C323]9800      <1>     mov word [OrgX],152
   271 00001E7A C706[C523]0F00      <1>     mov word [OrgY],15
   272 00001E80 BE[9B20]            <1>     mov si,FaceDisc
   273 00001E83 E810FB              <1>     call DrawRects
   274 00001E86 A0[DB23]            <1>     mov al,[GameOver]
   275 00001E89 BE[C420]            <1>     mov si,FaceHappy
   276 00001E8C 3C01                <1>     cmp al,1
   277 00001E8E 7503                <1>     jne .n1
   278 00001E90 BE[DE20]            <1>     mov si,FaceDead
   279                              <1> .n1:
   280 00001E93 3C02                <1>     cmp al,2
   281 00001E95 7503                <1>     jne .go
   282 00001E97 BE[2021]            <1>     mov si,FaceCool
   283                              <1> .go:
   284 00001E9A E8F9FA              <1>     call DrawRects
   285 00001E9D 61                  <1>     popa
   286 00001E9E C3                  <1>     ret
   287                              <1> 
   288                              <1> DrawStatus:
   289 00001E9F 60                  <1>     pusha
   290                              <1>     BEVEL 0,244,20,72,16,0
    16 00001EA0 C606[BA23]00        <2>  mov byte [BevFace],%6
    17                              <2>  %if %1
    18                              <2>  mov byte [BevTL],15
    19                              <2>  mov byte [BevBR],8
    20                              <2>  %else
    21 00001EA5 C606[B823]08        <2>  mov byte [BevTL],8
    22 00001EAA C606[B923]0F        <2>  mov byte [BevBR],15
    23                              <2>  %endif
    24 00001EAF B8F400              <2>  mov ax,%2
    25 00001EB2 BB1400              <2>  mov bx,%3
    26 00001EB5 B94800              <2>  mov cx,%4
    27 00001EB8 BA1000              <2>  mov dx,%5
    28 00001EBB E86CFA              <2>  call DrawBevel
   291 00001EBE BE[671F]            <1>     mov si,StrPlay
   292 00001EC1 B30A                <1>     mov bl,10
   293 00001EC3 803E[3D24]00        <1>     cmp byte [ScanArmed],0      ; scanner armed: persistent prompt
   294 00001EC8 7407                <1>     je .kitmsg
   295 00001ECA BE[A51F]            <1>     mov si,StrArmed
   296 00001ECD B30E                <1>     mov bl,14
   297 00001ECF EB3C                <1>     jmp .go
   298                              <1> .kitmsg:
   299 00001ED1 803E[3F24]00        <1>     cmp byte [KitMsgT],0        ; transient skill message
   300 00001ED6 7420                <1>     je .gamest
   301 00001ED8 A0[3E24]            <1>     mov al,[KitMsgN]
   302 00001EDB 3C01                <1>     cmp al,1
   303 00001EDD 7507                <1>     jne .m2
   304 00001EDF BE[8A1F]            <1>     mov si,StrShield
   305 00001EE2 B30B                <1>     mov bl,11
   306 00001EE4 EB27                <1>     jmp .go
   307                              <1> .m2:
   308 00001EE6 3C02                <1>     cmp al,2
   309 00001EE8 7507                <1>     jne .m3
   310 00001EEA BE[921F]            <1>     mov si,StrScanned
   311 00001EED B30B                <1>     mov bl,11
   312 00001EEF EB1C                <1>     jmp .go
   313                              <1> .m3:
   314 00001EF1 BE[9B1F]            <1>     mov si,StrNoScan
   315 00001EF4 B30C                <1>     mov bl,12
   316 00001EF6 EB15                <1>     jmp .go
   317                              <1> .gamest:
   318 00001EF8 A0[DB23]            <1>     mov al,[GameOver]
   319 00001EFB 3C01                <1>     cmp al,1
   320 00001EFD 7505                <1>     jne .n1
   321 00001EFF BE[6F1F]            <1>     mov si,StrLost
   322 00001F02 B30C                <1>     mov bl,12
   323                              <1> .n1:
   324 00001F04 3C02                <1>     cmp al,2
   325 00001F06 7505                <1>     jne .go
   326 00001F08 BE[751F]            <1>     mov si,StrWin
   327 00001F0B B30E                <1>     mov bl,14
   328                              <1> .go:
   329 00001F0D B603                <1>     mov dh,3
   330 00001F0F B21F                <1>     mov dl,31
   331 00001F11 E80FFB              <1>     call PrintAt
   332 00001F14 61                  <1>     popa
   333 00001F15 C3                  <1>     ret
   334                              <1> 
   335                              <1> ; DrawKit: class kit state line(s) under CLASS (called from Redraw)
   336                              <1> DrawKit:
   337 00001F16 60                  <1>     pusha
   338 00001F17 803E[3A24]01        <1>     cmp byte [SelectedClass],1
   339 00001F1C 7409                <1>     je .tank
   340 00001F1E 803E[3A24]02        <1>     cmp byte [SelectedClass],2
   341 00001F23 741C                <1>     je .mage
   342 00001F25 EB3E                <1>     jmp .out
   343                              <1> .tank:
   344 00001F27 B30B                <1>     mov bl,11
   345 00001F29 BE[AC1F]            <1>     mov si,StrShldOn
   346 00001F2C 803E[3B24]00        <1>     cmp byte [TankShield],0
   347 00001F31 7505                <1>     jne .td
   348 00001F33 B308                <1>     mov bl,8
   349 00001F35 BE[B61F]            <1>     mov si,StrShldOff
   350                              <1> .td:
   351 00001F38 B60C                <1>     mov dh,12
   352 00001F3A B21F                <1>     mov dl,31
   353 00001F3C E8E4FA              <1>     call PrintAt
   354 00001F3F EB24                <1>     jmp .out
   355                              <1> .mage:
   356 00001F41 B30B                <1>     mov bl,11
   357 00001F43 BE[C01F]            <1>     mov si,StrScanOn
   358 00001F46 803E[3C24]00        <1>     cmp byte [MageScans],0
   359 00001F4B 7505                <1>     jne .md
   360 00001F4D B308                <1>     mov bl,8
   361 00001F4F BE[C91F]            <1>     mov si,StrScanOff
   362                              <1> .md:
   363 00001F52 B60C                <1>     mov dh,12
   364 00001F54 B21F                <1>     mov dl,31
   365 00001F56 E8CAFA              <1>     call PrintAt
   366 00001F59 B307                <1>     mov bl,7
   367 00001F5B BE[D31F]            <1>     mov si,StrScanHint
   368 00001F5E B60D                <1>     mov dh,13
   369 00001F60 B21F                <1>     mov dl,31
   370 00001F62 E8BEFA              <1>     call PrintAt
   371                              <1> .out:
   372 00001F65 61                  <1>     popa
   373 00001F66 C3                  <1>     ret
    43                                  
    44                                  ; --- data ----------------------------------------------------------
    45                                  %include "src/data.asm"         ; strings, palette data, font, sprites
     1                              <1> ; ===================================================================
     2                              <1> ; DATA
     3                              <1> ; ===================================================================
     4 00001F67 506C6179696E6700    <1> StrPlay     db 'Playing',0
     5 00001F6F 424F4F4D2100        <1> StrLost     db 'BOOM!',0
     6 00001F75 596F752077696E2100  <1> StrWin      db 'You win!',0
     7 00001F7E 54414E4B00          <1> StrClsTank  db 'TANK',0
     8 00001F83 4D41474500          <1> StrClsMage  db 'MAGE',0
     9 00001F88 2D00                <1> StrClsNone  db '-',0
    10 00001F8A 534849454C442100    <1> StrShield   db 'SHIELD!',0
    11 00001F92 5343414E4E45442100  <1> StrScanned  db 'SCANNED!',0
    12 00001F9B 4E4F205343414E5321- <1> StrNoScan   db 'NO SCANS!',0
    12 00001FA4 00                  <1>
    13 00001FA5 41524D45442100      <1> StrArmed    db 'ARMED!',0
    14 00001FAC 534849454C44204F4E- <1> StrShldOn   db 'SHIELD ON',0
    14 00001FB5 00                  <1>
    15 00001FB6 4E4F20534849454C44- <1> StrShldOff  db 'NO SHIELD',0
    15 00001FBF 00                  <1>
    16 00001FC0 5343414E2052445900  <1> StrScanOn   db 'SCAN RDY',0
    17 00001FC9 5343414E2055534544- <1> StrScanOff  db 'SCAN USED',0
    17 00001FD2 00                  <1>
    18 00001FD3 53202B20636C69636B- <1> StrScanHint db 'S + click',0
    18 00001FDC 00                  <1>
    19                              <1> 
    20 00001FDD 303030202020        <1> PalGrays    db 48,48,48, 32,32,32
    21 00001FE3 00003F0020003F0000- <1> PalNums     db 0,0,63,  0,32,0,  63,0,0,  0,0,32
    21 00001FEC 000020              <1>
    22 00001FEF 200000002020000000- <1>             db 32,0,0,  0,32,32, 0,0,0,   32,32,32
    22 00001FF8 202020              <1>
    23 00001FFB 3435363738393A3B    <1> NumColors   db 52,53,54,55,56,57,58,59
    24                              <1> 
    25                              <1> ; 3x5 font, digits 0..9, one byte per row (bits 2..0 = pixels)
    26 00002003 0705050507          <1> Font3x5     db 7,5,5,5,7        ; 0
    27 00002008 0206020207          <1>             db 2,6,2,2,7        ; 1
    28 0000200D 0701070407          <1>             db 7,1,7,4,7        ; 2
    29 00002012 0701070107          <1>             db 7,1,7,1,7        ; 3
    30 00002017 0505070101          <1>             db 5,5,7,1,1        ; 4
    31 0000201C 0704070107          <1>             db 7,4,7,1,7        ; 5
    32 00002021 0704070507          <1>             db 7,4,7,5,7        ; 6
    33 00002026 0701020202          <1>             db 7,1,2,2,2        ; 7
    34 0000202B 0705070507          <1>             db 7,5,7,5,7        ; 8
    35 00002030 0705070107          <1>             db 7,5,7,1,7        ; 9
    36                              <1> 
    37                              <1> ; Sprite = list of rectangles: x, y, w, h, colour  (0FFh terminates)
    38 00002035 060301010C          <1> FlagRects   db 6,3,1,1,12       ; red pennant
    39 0000203A 050402010C          <1>             db 5,4,2,1,12
    40 0000203F 040503010C          <1>             db 4,5,3,1,12
    41 00002044 030604010C          <1>             db 3,6,4,1,12
    42 00002049 040703010C          <1>             db 4,7,3,1,12
    43 0000204E 050802010C          <1>             db 5,8,2,1,12
    44 00002053 060901010C          <1>             db 6,9,1,1,12
    45 00002058 0703020900          <1>             db 7,3,2,9,0        ; pole
    46 0000205D 050B060100          <1>             db 5,11,6,1,0       ; base
    47 00002062 030C0A0200          <1>             db 3,12,10,2,0
    48 00002067 FF                  <1>             db 0FFh
    49                              <1> 
    50 00002068 0504060100          <1> MineRects   db 5,4,6,1,0
    51 0000206D 0405080600          <1>             db 4,5,8,6,0
    52 00002072 050B060100          <1>             db 5,11,6,1,0
    53 00002077 02070C0200          <1>             db 2,7,12,2,0
    54 0000207C 0702020C00          <1>             db 7,2,2,12,0
    55 00002081 0303020200          <1>             db 3,3,2,2,0
    56 00002086 0B03020200          <1>             db 11,3,2,2,0
    57 0000208B 030B020200          <1>             db 3,11,2,2,0
    58 00002090 0B0B020200          <1>             db 11,11,2,2,0
    59 00002095 050502020F          <1>             db 5,5,2,2,15       ; glint
    60 0000209A FF                  <1>             db 0FFh
    61                              <1> 
    62 0000209B 050006010E          <1> FaceDisc    db 5,0,6,1,14
    63 000020A0 03010A010E          <1>             db 3,1,10,1,14
    64 000020A5 02020C010E          <1>             db 2,2,12,1,14
    65 000020AA 01030E0A0E          <1>             db 1,3,14,10,14
    66 000020AF 000510060E          <1>             db 0,5,16,6,14
    67 000020B4 020D0C010E          <1>             db 2,13,12,1,14
    68 000020B9 030E0A010E          <1>             db 3,14,10,1,14
    69 000020BE 050F06010E          <1>             db 5,15,6,1,14
    70 000020C3 FF                  <1>             db 0FFh
    71                              <1> 
    72 000020C4 0405020300          <1> FaceHappy   db 4,5,2,3,0
    73 000020C9 0A05020300          <1>             db 10,5,2,3,0
    74 000020CE 0409010100          <1>             db 4,9,1,1,0
    75 000020D3 0B09010100          <1>             db 11,9,1,1,0
    76 000020D8 050A060100          <1>             db 5,10,6,1,0
    77 000020DD FF                  <1>             db 0FFh
    78                              <1> 
    79 000020DE 0304010100          <1> FaceDead    db 3,4,1,1,0        ; X eyes
    80 000020E3 0504010100          <1>             db 5,4,1,1,0
    81 000020E8 0405010100          <1>             db 4,5,1,1,0
    82 000020ED 0306010100          <1>             db 3,6,1,1,0
    83 000020F2 0506010100          <1>             db 5,6,1,1,0
    84 000020F7 0A04010100          <1>             db 10,4,1,1,0
    85 000020FC 0C04010100          <1>             db 12,4,1,1,0
    86 00002101 0B05010100          <1>             db 11,5,1,1,0
    87 00002106 0A06010100          <1>             db 10,6,1,1,0
    88 0000210B 0C06010100          <1>             db 12,6,1,1,0
    89 00002110 050A060100          <1>             db 5,10,6,1,0       ; frown
    90 00002115 040B010100          <1>             db 4,11,1,1,0
    91 0000211A 0B0B010100          <1>             db 11,11,1,1,0
    92 0000211F FF                  <1>             db 0FFh
    93                              <1> 
    94 00002120 0204050300          <1> FaceCool    db 2,4,5,3,0        ; sunglasses
    95 00002125 0904050300          <1>             db 9,4,5,3,0
    96 0000212A 0704020100          <1>             db 7,4,2,1,0
    97 0000212F 030501010F          <1>             db 3,5,1,1,15
    98 00002134 0A0501010F          <1>             db 10,5,1,1,15
    99 00002139 0409010100          <1>             db 4,9,1,1,0
   100 0000213E 0B09010100          <1>             db 11,9,1,1,0
   101 00002143 050A060100          <1>             db 5,10,6,1,0
   102 00002148 FF                  <1>             db 0FFh
    46                                  %include "src/music.asm"        ; SongTable
     1                              <1> ; -------------------------------------------------------------------
     2                              <1> ; MODERN RETRO INDIE RIFF (fast tempo)
     3                              <1> ; Pairs of: (Frequency in Hz, Duration in 18.2Hz timer ticks)
     4                              <1> ; -------------------------------------------------------------------
     5                              <1> SongTable:
     6                              <1>     ; ===================================================================
     7                              <1>     ; PART 1: BASE THEME
     8                              <1>     ; ===================================================================
     9                              <1>     ; Riff 1: D Root
    10 00002149 26010200260102004B- <1>     dw 294,2, 294,2, 587,4, 440,6, 415,4, 392,4, 349,4, 294,2, 349,2, 392,2
    10 00002152 020400B80106009F01- <1>
    10 0000215B 0400880104005D0104- <1>
    10 00002164 00260102005D010200- <1>
    10 0000216D 88010200            <1>
    11                              <1>     ; Riff 2: C Root
    12 00002171 06010200060102004B- <1>     dw 262,2, 262,2, 587,4, 440,6, 415,4, 392,4, 349,4, 294,2, 349,2, 392,2
    12 0000217A 020400B80106009F01- <1>
    12 00002183 0400880104005D0104- <1>
    12 0000218C 00260102005D010200- <1>
    12 00002195 88010200            <1>
    13                              <1>     ; Riff 3: B Root
    14 00002199 F7000200F70002004B- <1>     dw 247,2, 247,2, 587,4, 440,6, 415,4, 392,4, 349,4, 294,2, 349,2, 392,2
    14 000021A2 020400B80106009F01- <1>
    14 000021AB 0400880104005D0104- <1>
    14 000021B4 00260102005D010200- <1>
    14 000021BD 88010200            <1>
    15                              <1>     ; Riff 4: Bb Root
    16 000021C1 E9000200E90002004B- <1>     dw 233,2, 233,2, 587,4, 440,6, 415,4, 392,4, 349,4, 294,2, 349,2, 392,2
    16 000021CA 020400B80106009F01- <1>
    16 000021D3 0400880104005D0104- <1>
    16 000021DC 00260102005D010200- <1>
    16 000021E5 88010200            <1>
    17                              <1> 
    18                              <1>     ; ===================================================================
    19                              <1>     ; PART 2: HIGH OCTAVE LEAD (Pitch shift for dynamic buildup)
    20                              <1>     ; ===================================================================
    21                              <1>     ; Riff 1: D Root (High Lead)
    22 000021E9 260102002601020097- <1>     dw 294,2, 294,2, 1175,4, 880,6, 830,4, 784,4, 698,4, 587,2, 698,2, 784,2
    22 000021F2 040400700306003E03- <1>
    22 000021FB 040010030400BA0204- <1>
    22 00002204 004B020200BA020200- <1>
    22 0000220D 10030200            <1>
    23                              <1>     ; Riff 2: C Root (High Lead)
    24 00002211 060102000601020097- <1>     dw 262,2, 262,2, 1175,4, 880,6, 830,4, 784,4, 698,4, 587,2, 698,2, 784,2
    24 0000221A 040400700306003E03- <1>
    24 00002223 040010030400BA0204- <1>
    24 0000222C 004B020200BA020200- <1>
    24 00002235 10030200            <1>
    25                              <1>     ; Riff 3: B Root (High Lead)
    26 00002239 F7000200F700020097- <1>     dw 247,2, 247,2, 1175,4, 880,6, 830,4, 784,4, 698,4, 587,2, 698,2, 784,2
    26 00002242 040400700306003E03- <1>
    26 0000224B 040010030400BA0204- <1>
    26 00002254 004B020200BA020200- <1>
    26 0000225D 10030200            <1>
    27                              <1>     ; Riff 4: Bb Root (High Lead)
    28 00002261 E9000200E900020097- <1>     dw 233,2, 233,2, 1175,4, 880,6, 830,4, 784,4, 698,4, 587,2, 698,2, 784,2
    28 0000226A 040400700306003E03- <1>
    28 00002273 040010030400BA0204- <1>
    28 0000227C 004B020200BA020200- <1>
    28 00002285 10030200            <1>
    29                              <1> 
    30                              <1>     ; ===================================================================
    31                              <1>     ; PART 3: ALTERED TAILS (Descending runs & resolution pause)
    32                              <1>     ; ===================================================================
    33                              <1>     ; Riff 1: D Root + Fast Descending Tail
    34 00002289 26010200260102004B- <1>     dw 294,2, 294,2, 587,4, 440,6, 415,4, 392,4, 349,4, 440,2, 392,2, 349,2
    34 00002292 020400B80106009F01- <1>
    34 0000229B 0400880104005D0104- <1>
    34 000022A4 00B801020088010200- <1>
    34 000022AD 5D010200            <1>
    35                              <1>     ; Riff 2: C Root + Fast Descending Tail
    36 000022B1 06010200060102004B- <1>     dw 262,2, 262,2, 587,4, 440,6, 415,4, 392,4, 349,4, 440,2, 392,2, 349,2
    36 000022BA 020400B80106009F01- <1>
    36 000022C3 0400880104005D0104- <1>
    36 000022CC 00B801020088010200- <1>
    36 000022D5 5D010200            <1>
    37                              <1>     ; Riff 3: B Root + High Jump Turn
    38 000022D9 F7000200F70002004B- <1>     dw 247,2, 247,2, 587,4, 440,6, 415,4, 392,4, 349,4, 587,2, 698,2, 784,2
    38 000022E2 020400B80106009F01- <1>
    38 000022EB 0400880104005D0104- <1>
    38 000022F4 004B020200BA020200- <1>
    38 000022FD 10030200            <1>
    39                              <1>     ; Riff 4: Bb Root + Staccato Hold & Rest
    40 00002301 E9000200E90002004B- <1>     dw 233,2, 233,2, 587,4, 440,6, 415,4, 392,4, 349,4, 330,4, 0,2
    40 0000230A 020400B80106009F01- <1>
    40 00002313 0400880104005D0104- <1>
    40 0000231C 004A01040000000200  <1>
    41                              <1> 
    42                              <1>     ; Loop marker
    43 00002325 FFFF0000            <1>     dw 0FFFFh, 0
    47                                  %include "src/sfx.asm"          ; SfxBoom / SfxWin
     1                              <1> ; -------------------------------------------------------------------
     2                              <1> ; Sound effects, same (frequency, ticks) format as SongTable
     3                              <1> ; -------------------------------------------------------------------
     4                              <1> SfxBoom:                        ; mine goes off: crack, then a rumble
     5 00002329 90010100FA000100B4- <1>     dw 400,1, 250,1, 180,1, 140,1, 110,1, 90,1
     5 00002332 0001008C0001006E00- <1>
     5 0000233B 01005A000100        <1>
     6 00002341 820001004600010064- <1>     dw 130,1, 70,1, 100,1, 60,1, 85,1, 50,1
     6 0000234A 0001003C0001005500- <1>
     6 00002353 010032000100        <1>
     7 00002359 410001002A00010034- <1>     dw 65,1, 42,1, 52,1, 34,1
     7 00002362 00010022000100      <1>
     8 00002369 280002001C00020016- <1>     dw 40,2, 28,2, 22,2
     8 00002372 000200              <1>
     9 00002375 00000200            <1>     dw 0,2
    10 00002379 FFFF0000            <1>     dw 0FFFFh, 0
    11                              <1> 
    12                              <1> SfxWin:                         ; board cleared: rising D major fanfare
    13 0000237D 4B020200E402020070- <1>     dw 587,2, 740,2, 880,2, 1175,3
    13 00002386 03020097040300      <1>
    14 0000238D 00000100            <1>     dw 0,1
    15 00002391 7003010097040100C8- <1>     dw 880,1, 1175,1, 1480,1, 1760,3
    15 0000239A 050100E0060300      <1>
    16 000023A1 9704060000000200    <1>     dw 1175,6, 0,2
    17 000023A9 FFFF0000            <1>     dw 0FFFFh, 0
    48                                  %include "src/vars.asm"         ; all mutable variables
     1                              <1> ; --- variables ---
     2 000023AD 01                  <1> MusicOn     db 1
     3 000023AE 0000                <1> NoteLeft    dw 0
     4 000023B0 [4921]              <1> MusicPtr    dw SongTable
     5 000023B2 00                  <1> SfxOn       db 0
     6 000023B3 0000                <1> SfxPtr      dw 0
     7 000023B5 0000                <1> SfxLeft     dw 0
     8 000023B7 00                  <1> FillCol     db 0
     9 000023B8 00                  <1> BevTL       db 0
    10 000023B9 00                  <1> BevBR       db 0
    11 000023BA 00                  <1> BevFace     db 0
    12 000023BB 0000                <1> BvX         dw 0
    13 000023BD 0000                <1> BvY         dw 0
    14 000023BF 0000                <1> BvW         dw 0
    15 000023C1 0000                <1> BvH         dw 0
    16 000023C3 0000                <1> OrgX        dw 0
    17 000023C5 0000                <1> OrgY        dw 0
    18 000023C7 00                  <1> CellVal     db 0
    19 000023C8 00                  <1> CellCol     db 0
    20 000023C9 0000                <1> GlX         dw 0
    21 000023CB 0000                <1> GlY         dw 0
    22 000023CD 00                  <1> GlS         db 0
    23 000023CE 00                  <1> GlC         db 0
    24 000023CF 00                  <1> GlBits      db 0
    25 000023D0 00                  <1> GlRows      db 0
    26 000023D1 00                  <1> GlCols      db 0
    27 000023D2 0000                <1> LedVal      dw 0
    28 000023D4 0000                <1> LedX        dw 0
    29 000023D6 0000                <1> MouseX      dw 0
    30 000023D8 0000                <1> MouseY      dw 0
    31 000023DA 00                  <1> PrevMouse   db 0
    32 000023DB 00                  <1> GameOver    db 0                ; 0 playing, 1 lost, 2 won
    33 000023DC 00                  <1> Started     db 0
    34 000023DD 00                  <1> TimerOn     db 0
    35 000023DE 0000                <1> Seconds     dw 0
    36 000023E0 0000                <1> TickAcc     dw 0
    37 000023E2 0000                <1> LastTick    dw 0
    38 000023E4 FFFF                <1> HitCell     dw 0FFFFh
    39 000023E6 0000                <1> RndSeed     dw 0
    40                              <1> 
    41                              <1> ; Board: bit0 mine, bit1 opened, bit2 flagged, bits4-7 neighbour count
    42 000023E8 00<rep 51h>         <1> Board       times CELLS db 0
    43                              <1> 
    44                              <1> ; Selected game mode
    45 00002439 00                  <1> CurrentMode db 0
    46                              <1> 
    47                              <1> ; Character kit: 1 tank, 2 mage (3 artificer is locked)
    48 0000243A 00                  <1> SelectedClass db 0
    49 0000243B 00                  <1> TankShield    db 0                ; blasts left to absorb this level
    50 0000243C 00                  <1> MageScans     db 0                ; scans left this session
    51 0000243D 00                  <1> ScanArmed     db 0                ; S armed: next click scans a 3x3
    52 0000243E 00                  <1> KitMsgN       db 0                ; transient status message id
    53 0000243F 00                  <1> KitMsgT       db 0                ; ticks (seconds) left to show it
    54                              <1> 
    55                              <1> ; Text menu state: intro shown only on first boot
    56 00002440 00                  <1> IntroShown  db 0
